unitNo,timeStamp,event,destination,long,lang,d1,d2,d3,d4,d5,d6,d7,d8,d9,d10,speed,un
465236,16/03/2016 00:00,START,Grove Park Down Sidings,51.440709,0.010084,1,1,0,0,0,0,1,0,0,0,0.36,NULL
465236,16/03/2016 00:01,STOP,Grove Park Down Sidings,51.442736,0.00806,0,0,0,0,0,0,1,1,1,0,0,NULL
465236,16/03/2016 00:02,START,Grove Park Down Sidings,51.44277,0.008027,1,0,0,0,0,0,1,0,0,1,0.02,NULL
465236,16/03/2016 00:02,STOP,Grove Park Down Sidings,51.44277,0.008027,1,0,0,0,0,0,1,0,0,1,-0.02,NULL
465236,16/03/2016 00:04,START,Grove Park Down Sidings,51.442773,0.008007,1,1,0,0,0,0,1,0,0,0,0.02,NULL
465236,16/03/2016 00:05,STOP,Grove Park Down Sidings,51.441644,0.009027,0,0,0,0,0,0,1,0,1,0,-0.05,NULL
465236,16/03/2016 00:06,START,Grove Park Down Sidings,51.441603,0.009085,1,1,0,0,0,0,1,0,0,0,0.02,NULL
465236,16/03/2016 00:08,STOP,Grove Park Up Sidings,51.439751,0.010569,0,0,0,0,0,0,1,0,0,0,0.31,NULL
465236,16/03/2016 00:13,START,Grove Park Up Sidings,51.439664,0.010642,1,0,0,0,0,0,1,0,0,0,0.02,NULL
465236,16/03/2016 00:13,STOP,Grove Park Up Sidings,51.439664,0.010642,1,0,0,0,0,0,1,0,0,0,-0.05,NULL
465236,16/03/2016 00:13,START,Grove Park Up Sidings,51.439664,0.010639,1,0,0,0,0,0,1,0,0,0,0.02,NULL
465236,16/03/2016 00:13,STOP,Grove Park Up Sidings,51.439664,0.01064,1,0,0,0,0,0,1,0,0,0,-0.02,NULL
465236,16/03/2016 05:00,START,Grove Park Up Sidings,51.439667,0.010689,1,0,0,0,0,0,1,0,0,1,1.06,NULL
465236,16/03/2016 05:19,STOP,Charing Cross,51.507762,-0.122508,0,0,0,0,0,1,0,1,1,1,-0.12,NULL
465236,16/03/2016 05:36,START,Charing Cross,51.507375,-0.123464,1,1,0,0,0,0,1,0,0,0,1.09,NULL
465236,16/03/2016 05:39,STOP,Waterloo East,51.504078,-0.10967,0,0,0,0,0,1,0,0,1,0,-0.02,NULL
465236,16/03/2016 05:39,START,Waterloo East,51.504058,-0.109656,1,1,0,0,0,0,1,0,0,0,1.04,NULL
465236,16/03/2016 05:50,STOP,Lewisham,51.465857,-0.014677,0,0,0,0,0,1,0,1,1,0,-0.02,NULL
465236,16/03/2016 05:51,START,Lewisham,51.465879,-0.01463,1,1,1,0,0,0,1,0,0,0,0.65,NULL
465236,16/03/2016 05:55,STOP,Hither Green,51.452044,-0.001105,0,0,0,0,0,1,0,0,1,0,-0.05,NULL
465236,16/03/2016 05:55,START,Hither Green,51.452032,-0.001086,1,1,1,0,0,0,1,0,0,0,0.34,NULL
465236,16/03/2016 05:59,STOP,Grove Park,51.430823,0.022176,0,0,0,0,1,0,0,1,1,0,-0.02,NULL
465236,16/03/2016 05:59,START,Grove Park,51.430827,0.022235,1,1,0,0,0,0,1,0,0,0,0.02,NULL
465236,16/03/2016 06:02,STOP,Elmstead Woods,51.417462,0.04377,0,0,0,0,0,1,0,0,1,0,-0.05,NULL
465236,16/03/2016 06:02,START,Elmstead Woods,51.417455,0.043749,1,1,0,0,0,0,1,0,0,0,0.17,NULL
465236,16/03/2016 06:04,STOP,Chislehurst,51.406066,0.056801,0,0,0,0,0,1,0,0,1,0,0.02,NULL
465236,16/03/2016 06:05,START,Chislehurst,51.406023,0.056843,1,1,1,0,0,0,1,0,0,0,0.7,NULL
465236,16/03/2016 06:08,STOP,Petts Wood,51.388841,0.074447,0,0,0,0,1,0,0,1,1,0,-0.05,NULL
465236,16/03/2016 06:09,START,Petts Wood,51.388811,0.074438,1,1,1,0,0,0,1,0,0,0,1.43,NULL
465236,16/03/2016 06:13,STOP,Orpington,51.37434,0.088278,0,0,0,0,0,1,0,0,1,0,0.05,NULL
465236,16/03/2016 06:13,START,Orpington,51.37431,0.088302,1,1,0,0,0,0,1,0,0,0,0.05,NULL
465236,16/03/2016 06:16,STOP,Chelsfield,51.357187,0.107566,0,0,0,0,0,1,0,0,1,0,-0.02,NULL
465236,16/03/2016 06:16,START,Chelsfield,51.357156,0.107583,1,1,1,0,0,0,1,0,0,0,0.63,NULL
465236,16/03/2016 06:18,STOP,Knockholt,51.346057,0.129338,0,0,0,0,0,1,0,0,1,0,-0.02,NULL
465236,16/03/2016 06:19,START,Knockholt,51.346038,0.129377,1,1,1,0,0,0,1,0,0,0,1.04,NULL
465236,16/03/2016 06:23,STOP,Dunton Green,51.297633,0.171518,0,0,0,0,0,1,0,0,1,0,-0.02,NULL
465236,16/03/2016 06:23,START,Dunton Green,51.297616,0.171519,1,1,1,0,0,0,1,0,0,0,0.68,NULL
465236,16/03/2016 06:26,STOP,Sevenoaks,51.27725,0.181449,0,0,0,0,1,0,0,1,1,0,0.05,NULL
465236,16/03/2016 06:35,START,Sevenoaks,51.277191,0.181496,1,1,0,0,0,0,1,0,0,1,0.39,NULL
465236,16/03/2016 06:38,STOP,Dunton Green,51.296948,0.171391,0,0,0,0,1,0,0,0,1,1,-0.02,NULL
465236,16/03/2016 06:38,START,Dunton Green,51.297029,0.171399,1,0,0,0,0,0,1,0,0,1,0.02,NULL
465236,16/03/2016 06:43,STOP,Knockholt,51.34624,0.128267,0,0,0,0,1,0,0,0,1,1,-0.05,NULL
465236,16/03/2016 06:44,START,Knockholt,51.34626,0.128225,1,1,1,0,0,0,1,0,0,1,0.73,NULL
465236,16/03/2016 06:46,STOP,Chelsfield,51.357061,0.10754,0,0,0,0,1,0,0,0,1,1,0.02,NULL
465236,16/03/2016 06:46,START,Chelsfield,51.357071,0.107502,1,1,1,0,0,0,1,0,0,1,1.04,NULL
465236,16/03/2016 06:49,STOP,Orpington,51.374194,0.088345,0,0,0,0,1,0,0,0,1,1,-0.05,NULL
465236,16/03/2016 06:51,START,Orpington,51.374271,0.088287,1,1,1,0,0,0,1,0,0,1,0.36,NULL
465236,16/03/2016 06:53,STOP,Petts Wood,51.388635,0.07443,0,0,0,0,0,1,0,1,1,1,-0.02,NULL
465236,16/03/2016 06:54,START,Petts Wood,51.388663,0.074373,1,1,1,0,0,0,1,0,0,1,1.02,NULL
465236,16/03/2016 06:56,STOP,Chislehurst,51.406062,0.056695,0,0,0,0,1,0,0,0,1,1,0.1,NULL
465236,16/03/2016 06:57,START,Chislehurst,51.406086,0.056652,1,1,0,0,0,0,1,0,0,1,0.34,NULL
465236,16/03/2016 06:59,STOP,Elmstead Woods,51.417607,0.043559,0,0,0,0,1,0,0,0,1,1,-0.02,NULL
465236,16/03/2016 07:00,START,Elmstead Woods,51.417692,0.043488,1,1,0,0,0,0,1,0,0,1,0.02,NULL
465236,16/03/2016 07:02,STOP,Grove Park,51.43071,0.022173,0,0,0,0,0,1,0,1,1,1,-0.02,NULL
465236,16/03/2016 07:04,START,Grove Park,51.430731,0.02205,1,1,1,0,0,0,1,0,0,1,0.68,NULL
465236,16/03/2016 07:07,STOP,Hither Green,51.45195,-9.89E-04,0,0,0,0,1,0,0,0,1,1,0.02,NULL
465236,16/03/2016 07:07,START,Hither Green,51.451975,-0.001053,1,1,1,0,0,0,1,0,0,1,0.34,NULL
465236,16/03/2016 07:18,STOP,London Bridge,51.505231,-0.085017,0,0,0,0,0,1,0,1,1,1,-0.05,NULL
465236,16/03/2016 07:19,START,London Bridge,51.504759,-0.085797,1,1,1,0,0,0,1,0,0,1,0.31,NULL
465236,16/03/2016 07:22,STOP,London Cannon Street,51.5099,-0.091625,0,0,0,0,0,1,0,1,1,1,-0.1,NULL
465236,16/03/2016 07:32,START,London Cannon Street,51.510754,-0.091254,1,1,0,0,0,0,1,0,0,0,1.4,NULL
465236,16/03/2016 07:35,STOP,London Bridge,51.505094,-0.084915,0,0,0,0,1,0,0,1,1,0,-0.02,NULL
465236,16/03/2016 07:37,START,London Bridge,51.505128,-0.084828,1,1,0,0,0,0,1,0,0,0,1.38,NULL
465236,16/03/2016 07:42,STOP,Deptford,51.479331,-0.027563,0,0,0,0,0,1,0,0,1,0,-0.02,NULL
465236,16/03/2016 07:42,START,Deptford,51.479302,-0.027545,1,1,1,0,0,0,1,0,0,0,0.02,NULL
465236,16/03/2016 07:44,STOP,Greenwich,51.478169,-0.015863,0,0,0,0,0,1,0,0,1,0,-0.02,NULL
465236,16/03/2016 07:45,START,Greenwich,51.478202,-0.015654,1,1,0,0,0,0,1,0,0,0,0.34,NULL
465236,16/03/2016 07:47,STOP,Maze Hill,51.482661,0.00336,0,0,0,0,0,1,0,0,1,0,-0.02,NULL
465236,16/03/2016 07:48,START,Maze Hill,51.482674,0.003456,1,1,1,0,0,0,1,0,0,0,0.73,NULL
465236,16/03/2016 07:49,STOP,Westcombe Park,51.484064,0.016696,0,0,0,0,0,1,0,0,1,0,-0.07,NULL
465236,16/03/2016 07:50,START,Westcombe Park,51.484097,0.016736,1,1,1,0,0,0,1,0,0,0,0.68,NULL
465236,16/03/2016 07:51,STOP,Charlton,51.486531,0.029357,0,0,0,0,0,1,0,0,1,0,0,NULL
465236,16/03/2016 07:52,START,Charlton,51.486572,0.029438,1,1,1,0,0,0,1,0,0,0,0.36,NULL
465236,16/03/2016 07:54,STOP,Woolwich Dockyard,51.491224,0.054115,0,0,0,0,0,1,0,0,1,0,0.02,NULL
465236,16/03/2016 07:55,START,Woolwich Dockyard,51.491249,0.054079,1,1,1,0,0,0,1,0,0,0,0.7,NULL
465236,16/03/2016 07:57,STOP,Woolwich Arsenal,51.489761,0.069301,0,0,0,0,0,1,0,0,1,0,-0.02,NULL
465236,16/03/2016 07:57,START,Woolwich Arsenal,51.489783,0.069374,1,1,0,0,0,0,1,0,0,0,0.41,NULL
465236,16/03/2016 07:59,STOP,Plumstead,51.489706,0.083035,0,0,0,0,0,1,0,0,1,0,0,NULL
465236,16/03/2016 08:00,START,Plumstead,51.489726,0.083139,1,1,0,0,0,0,1,0,0,0,0.05,NULL
465236,16/03/2016 08:02,STOP,Abbey Wood,51.491021,0.118562,0,0,0,0,0,1,0,0,1,0,0,NULL
465236,16/03/2016 08:03,START,Abbey Wood,51.491013,0.118619,1,1,1,0,0,0,1,0,0,0,0.7,NULL
465236,16/03/2016 08:05,STOP,Belvedere,51.492201,0.152058,0,0,0,0,0,1,0,0,1,0,-0.02,NULL
465236,16/03/2016 08:05,START,Belvedere,51.492201,0.152121,1,1,1,0,0,0,1,0,0,0,1.72,NULL
465236,16/03/2016 08:08,STOP,Erith,51.481936,0.174763,0,0,0,0,0,1,0,0,1,0,-0.05,NULL
465236,16/03/2016 08:08,START,Erith,51.481905,0.17482,1,1,1,0,0,0,1,0,0,0,0.02,NULL
465236,16/03/2016 08:11,STOP,Slade Green,51.468762,0.189366,0,0,0,0,0,1,0,1,1,0,-0.02,NULL
465236,16/03/2016 08:13,START,Slade Green,51.468719,0.189443,1,1,1,0,0,0,1,0,0,0,0.68,NULL
465236,16/03/2016 08:22,STOP,Barnehurst,51.464907,0.161558,0,0,0,0,0,1,0,0,1,0,-0.02,NULL
465236,16/03/2016 08:23,START,Barnehurst,51.464913,0.161476,1,1,1,0,0,0,1,0,0,0,0.7,NULL
465236,16/03/2016 08:26,STOP,Bexleyheath,51.463505,0.13444,0,0,0,0,0,1,0,0,1,0,-0.02,NULL
465236,16/03/2016 08:26,START,Bexleyheath,51.463478,0.134309,1,1,1,0,0,0,1,0,0,0,0.02,NULL
465236,16/03/2016 08:29,STOP,Welling,51.464904,0.103336,0,0,0,0,0,1,0,0,1,0,-0.02,NULL
465236,16/03/2016 08:29,START,Welling,51.46488,0.10325,1,1,1,0,0,0,1,0,0,0,0.75,NULL
465236,16/03/2016 08:31,STOP,Falconwood,51.459485,0.081307,0,0,0,0,0,1,0,0,1,0,-0.02,NULL
465236,16/03/2016 08:32,START,Falconwood,51.4595,0.081257,1,1,1,0,0,0,1,0,0,0,1.09,NULL
465236,16/03/2016 08:34,STOP,Eltham,51.455762,0.053749,0,0,0,0,0,1,0,0,1,0,-0.02,NULL
465236,16/03/2016 08:35,START,Eltham,51.455751,0.053708,1,1,1,0,0,0,1,0,0,0,0.46,NULL
465236,16/03/2016 08:37,STOP,Kidbrooke,51.461539,0.029176,0,0,0,0,0,1,0,0,1,0,-0.02,NULL
465236,16/03/2016 08:38,START,Kidbrooke,51.461592,0.029093,1,1,0,0,0,0,1,0,0,0,0.02,NULL
465236,16/03/2016 08:40,STOP,Blackheath,51.465791,0.008369,0,0,0,0,0,1,0,0,1,0,-0.02,NULL
465236,16/03/2016 08:42,START,Blackheath,51.465852,0.008329,1,1,1,0,0,0,1,0,0,0,0.02,NULL
465236,16/03/2016 08:44,STOP,Lewisham,51.465394,-0.011986,0,0,0,0,0,1,0,1,1,0,-0.02,NULL
465236,16/03/2016 08:48,START,Lewisham,51.465378,-0.012257,1,1,1,0,0,0,1,0,0,0,0.05,NULL
465236,16/03/2016 08:53,STOP,Nunhead,51.466723,-0.051767,0,0,0,0,1,0,0,1,1,0,-0.05,NULL
465236,16/03/2016 08:54,START,Nunhead,51.466734,-0.051801,1,0,0,0,0,0,1,0,0,0,0.02,NULL
465236,16/03/2016 08:55,STOP,Peckham Rye,51.470273,-0.068946,0,0,0,0,0,1,0,0,1,0,-0.02,NULL
465236,16/03/2016 08:56,START,Peckham Rye,51.470269,-0.068994,1,1,1,0,0,0,1,0,0,0,0.02,NULL
465236,16/03/2016 08:58,STOP,Denmark Hill,51.468458,-0.088127,0,0,0,0,0,1,0,0,1,0,-0.07,NULL
465236,16/03/2016 08:59,START,Denmark Hill,51.468442,-0.088097,1,1,1,0,0,0,1,0,0,0,1.06,NULL
465236,16/03/2016 09:06,STOP,Victoria Sidings,51.488147,-0.148069,0,0,0,0,0,0,1,1,0,0,0.73,NULL
465236,16/03/2016 09:12,START,Victoria Sidings,51.488193,-0.148055,1,1,1,0,0,0,1,0,0,0,0.02,NULL
465236,16/03/2016 09:14,STOP,London Victoria,51.493365,-0.145194,0,0,0,0,1,0,0,1,1,0,-0.02,NULL
465236,16/03/2016 09:29,START,London Victoria,51.493238,-0.145136,1,1,0,0,0,0,1,0,0,1,0.02,NULL
465236,16/03/2016 09:34,STOP,Victoria Sidings,51.486144,-0.146763,0,0,0,0,0,0,1,1,0,1,0.7,NULL
465236,16/03/2016 17:28,START,Victoria Sidings,51.485983,-0.146471,1,1,0,0,0,0,1,0,0,0,0.68,NULL
465236,16/03/2016 17:29,STOP,Victoria Sidings,51.486691,-0.146849,0,0,0,0,0,0,1,1,1,0,-0.05,NULL
465236,16/03/2016 17:36,START,Victoria Sidings,51.486676,-0.147404,1,1,1,0,0,0,1,0,0,0,1.43,NULL
465236,16/03/2016 17:40,STOP,London Victoria,51.493564,-0.14491,0,0,0,0,0,1,0,1,1,0,0.02,NULL
465236,16/03/2016 17:56,START,London Victoria,51.493632,-0.143833,1,1,1,0,0,0,1,0,0,1,1.06,NULL
465236,16/03/2016 18:05,STOP,Denmark Hill,51.468424,-0.088296,0,0,0,0,1,0,0,1,0,1,-0.07,NULL
465236,16/03/2016 18:06,START,Denmark Hill,51.468408,-0.088242,1,1,1,1,0,0,1,0,0,1,1.06,NULL
465236,16/03/2016 18:08,STOP,Peckham Rye,51.470275,-0.069182,0,0,0,0,1,0,0,1,0,1,-0.07,NULL
465236,16/03/2016 18:10,START,Peckham Rye,51.470282,-0.069184,1,1,1,1,0,0,1,0,0,1,1.06,NULL
465236,16/03/2016 18:12,STOP,Nunhead,51.466866,-0.052101,0,0,0,0,0,1,0,1,1,1,-0.02,NULL
465236,16/03/2016 18:12,START,Nunhead,51.466831,-0.052059,1,1,1,1,0,0,1,0,0,1,0.65,NULL
465236,16/03/2016 18:18,STOP,Lewisham,51.465311,-0.011039,0,0,0,0,1,0,0,1,0,1,0.02,NULL
465236,16/03/2016 18:19,START,Lewisham,51.465335,-0.011011,1,1,1,1,0,0,1,0,0,1,0.02,NULL
465236,16/03/2016 18:21,STOP,Blackheath,51.465753,0.008381,0,0,0,0,1,0,0,1,1,1,-0.07,NULL
465236,16/03/2016 18:24,START,Blackheath,51.465751,0.008487,1,1,1,1,0,0,1,0,0,1,1.06,NULL
465236,16/03/2016 18:27,STOP,Kidbrooke,51.461586,0.029103,0,0,0,0,1,0,0,1,0,1,-0.02,NULL
465236,16/03/2016 18:28,START,Kidbrooke,51.461585,0.029102,1,1,1,1,0,0,1,0,0,1,0.05,NULL
465236,16/03/2016 18:31,STOP,Eltham,51.455788,0.054143,0,0,0,0,1,0,0,1,0,1,-0.02,NULL
465236,16/03/2016 18:31,START,Eltham,51.455785,0.054209,1,1,1,1,0,0,1,0,0,1,0.29,NULL
465236,16/03/2016 18:33,STOP,Falconwood,51.459335,0.080522,0,0,0,0,1,0,0,1,0,1,-0.02,NULL
465236,16/03/2016 18:34,START,Falconwood,51.459348,0.080589,1,1,1,1,0,0,1,0,0,1,0.31,NULL
465236,16/03/2016 18:36,STOP,Welling,51.464884,0.102948,0,0,0,0,1,0,0,1,0,1,0,NULL
465236,16/03/2016 18:37,START,Welling,51.46492,0.103006,1,1,1,1,0,0,1,0,0,1,0.68,NULL
465236,16/03/2016 18:39,STOP,Bexleyheath,51.463511,0.134808,0,0,0,0,1,0,0,1,0,1,0,NULL
465236,16/03/2016 18:40,START,Bexleyheath,51.463506,0.13487,1,1,1,1,0,0,1,0,0,1,1.06,NULL
465236,16/03/2016 18:43,STOP,Barnehurst,51.464958,0.161315,0,0,0,0,1,0,0,1,0,1,-0.02,NULL
465236,16/03/2016 18:43,START,Barnehurst,51.46496,0.161386,1,1,1,1,0,0,1,0,0,1,0.31,NULL
465236,16/03/2016 18:52,STOP,Dartford,51.447185,0.22106,0,0,0,0,0,1,0,1,1,1,-0.02,NULL
465236,16/03/2016 19:08,START,Dartford,51.447199,0.221114,1,1,1,0,0,0,1,0,0,0,1.04,NULL
465236,16/03/2016 19:14,STOP,Barnehurst,51.464929,0.161552,0,0,0,0,0,1,0,1,0,0,-0.05,NULL
465236,16/03/2016 19:15,START,Barnehurst,51.464925,0.161491,1,1,1,1,0,0,1,0,0,0,0.39,NULL
465236,16/03/2016 19:18,STOP,Bexleyheath,51.463552,0.134496,0,0,0,0,0,1,0,1,0,0,-0.05,NULL
465236,16/03/2016 19:18,START,Bexleyheath,51.463489,0.134366,1,1,1,1,0,0,1,0,0,0,1.06,NULL
465236,16/03/2016 19:21,STOP,Welling,51.464932,0.103363,0,0,0,0,0,1,0,1,0,0,-0.02,NULL
465236,16/03/2016 19:21,START,Welling,51.464918,0.103271,1,1,1,1,0,0,1,0,0,0,0.73,NULL
465236,16/03/2016 19:23,STOP,Falconwood,51.45951,0.081337,0,0,0,0,0,1,0,1,0,0,-0.02,NULL
465236,16/03/2016 19:24,START,Falconwood,51.459488,0.081282,1,1,1,1,0,0,1,0,0,0,1.04,NULL
465236,16/03/2016 19:26,STOP,Eltham,51.455764,0.053756,0,0,0,0,0,1,0,1,0,0,-0.02,NULL
465236,16/03/2016 19:27,START,Eltham,51.455749,0.053711,1,1,1,1,0,0,1,0,0,0,1.06,NULL
465236,16/03/2016 19:29,STOP,Kidbrooke,51.461535,0.029185,0,0,0,0,0,1,0,1,0,0,-0.02,NULL
465236,16/03/2016 19:30,START,Kidbrooke,51.461615,0.029118,1,1,1,1,0,0,1,0,0,0,1.09,NULL
465236,16/03/2016 19:33,STOP,Blackheath,51.465804,0.008339,0,0,0,0,0,1,0,1,0,0,-0.02,NULL
465236,16/03/2016 19:33,START,Blackheath,51.465805,0.008344,1,1,1,1,0,0,1,0,0,0,1.09,NULL
465236,16/03/2016 19:36,STOP,Lewisham,51.4654,-0.011985,0,0,0,0,0,1,0,1,1,0,0.02,NULL
465236,16/03/2016 19:37,START,Lewisham,51.465323,-0.012145,1,1,1,1,0,0,1,0,0,0,0.05,NULL
465236,16/03/2016 19:43,STOP,Nunhead,51.466726,-0.051772,0,0,0,0,1,0,0,1,1,0,-0.02,NULL
465236,16/03/2016 19:43,START,Nunhead,51.46673,-0.051807,1,1,1,1,0,0,1,0,0,0,1.04,NULL
465236,16/03/2016 19:45,STOP,Peckham Rye,51.470282,-0.068969,0,0,0,0,0,1,0,1,0,0,-0.02,NULL
465236,16/03/2016 19:46,START,Peckham Rye,51.470276,-0.068979,1,1,1,1,0,0,1,0,0,0,0.36,NULL
465236,16/03/2016 19:48,STOP,Denmark Hill,51.468469,-0.088102,0,0,0,0,0,1,0,1,0,0,0.05,NULL
465236,16/03/2016 19:49,START,Denmark Hill,51.468402,-0.088152,1,1,1,1,0,0,1,0,0,0,0.68,NULL
465236,16/03/2016 19:58,STOP,London Victoria,51.493357,-0.145136,0,0,0,0,0,1,0,1,1,0,-0.05,NULL
465236,16/03/2016 20:08,START,London Victoria,51.493483,-0.144863,1,1,1,0,0,0,1,0,0,1,0.65,NULL
465236,16/03/2016 20:19,STOP,Denmark Hill,51.468453,-0.088309,0,0,0,0,1,0,0,1,0,1,-0.02,NULL
465236,16/03/2016 20:20,START,Denmark Hill,51.468424,-0.088265,1,1,1,1,0,0,1,0,0,1,1.04,NULL
465236,16/03/2016 20:22,STOP,Peckham Rye,51.470288,-0.069188,0,0,0,0,1,0,0,1,0,1,-0.05,NULL
465236,16/03/2016 20:23,START,Peckham Rye,51.470313,-0.069163,1,1,1,1,0,0,1,0,0,1,1.04,NULL
465236,16/03/2016 20:25,STOP,Nunhead,51.466865,-0.052097,0,0,0,0,0,1,0,1,1,1,-0.05,NULL
465236,16/03/2016 20:26,START,Nunhead,51.466845,-0.052054,1,1,1,1,0,0,1,0,0,1,0.31,NULL
465236,16/03/2016 20:32,STOP,Lewisham,51.465305,-0.011058,0,0,0,0,1,0,0,1,0,1,-0.02,NULL
465236,16/03/2016 20:33,START,Lewisham,51.465274,-0.011041,1,1,1,1,0,0,1,0,0,1,0.02,NULL
465236,16/03/2016 20:35,STOP,Blackheath,51.465775,0.008372,0,0,0,0,1,0,0,1,0,1,-0.02,NULL
465236,16/03/2016 20:36,START,Blackheath,51.465772,0.008442,1,1,1,1,0,0,1,0,0,1,0.58,NULL
465236,16/03/2016 20:38,STOP,Kidbrooke,51.461606,0.029126,0,0,0,0,1,0,0,1,0,1,-0.02,NULL
465236,16/03/2016 20:39,START,Kidbrooke,51.461573,0.029184,1,1,1,1,0,0,1,0,0,1,0.7,NULL
465236,16/03/2016 20:42,STOP,Eltham,51.455845,0.054121,0,0,0,0,1,0,0,1,0,1,0.02,NULL
465236,16/03/2016 20:42,START,Eltham,51.455847,0.054194,1,1,1,1,0,0,1,0,0,1,0.39,NULL
465236,16/03/2016 20:45,STOP,Falconwood,51.459381,0.080452,0,0,0,0,1,0,0,1,0,1,-0.02,NULL
465236,16/03/2016 20:45,START,Falconwood,51.459383,0.08054,1,1,1,1,0,0,1,0,0,1,1.43,NULL
465236,16/03/2016 20:47,STOP,Welling,51.464919,0.102955,0,0,0,0,1,0,0,1,0,1,0.1,NULL
465236,16/03/2016 20:48,START,Welling,51.464945,0.103022,1,1,1,1,0,0,1,0,0,1,0.8,NULL
465236,16/03/2016 20:50,STOP,Bexleyheath,51.463555,0.13477,0,0,0,0,1,0,0,1,0,1,-0.07,NULL
465236,16/03/2016 20:51,START,Bexleyheath,51.463547,0.134885,1,1,1,1,0,0,1,0,0,1,1.45,NULL
465236,16/03/2016 20:54,STOP,Barnehurst,51.464963,0.161342,0,0,0,0,1,0,0,1,0,1,-0.02,NULL
465236,16/03/2016 20:54,START,Barnehurst,51.464961,0.161393,1,1,1,1,0,0,1,0,0,1,1.06,NULL
465236,16/03/2016 21:01,STOP,Dartford,51.447325,0.219993,0,0,0,0,1,0,0,1,1,1,-0.02,NULL
465236,16/03/2016 21:08,START,Dartford,51.44731,0.22008,1,0,0,0,0,0,1,0,0,0,0.7,NULL
465236,16/03/2016 21:17,STOP,Barnehurst,51.464919,0.161581,0,0,0,0,0,1,0,0,1,0,-0.05,NULL
465236,16/03/2016 21:17,START,Barnehurst,51.464912,0.161548,1,1,1,1,0,0,1,0,0,0,0.36,NULL
465236,16/03/2016 21:20,STOP,Bexleyheath,51.463551,0.134414,0,0,0,0,0,1,0,1,0,0,-0.02,NULL
465236,16/03/2016 21:20,START,Bexleyheath,51.463537,0.134367,1,1,1,1,0,0,1,0,0,0,0.02,NULL
465236,16/03/2016 21:22,STOP,Welling,51.464942,0.103321,0,0,0,0,0,1,0,0,1,0,-0.05,NULL
465236,16/03/2016 21:23,START,Welling,51.464938,0.103273,1,1,1,1,0,0,1,0,0,0,1.06,NULL
465236,16/03/2016 21:25,STOP,Falconwood,51.459523,0.081307,0,0,0,0,0,1,0,0,1,0,0,NULL
465236,16/03/2016 21:25,START,Falconwood,51.459511,0.08128,1,1,1,1,0,0,1,0,0,0,0.02,NULL
465236,16/03/2016 21:27,STOP,Eltham,51.455788,0.053753,0,0,0,0,0,1,0,0,1,0,-0.02,NULL
465236,16/03/2016 21:28,START,Eltham,51.455769,0.053733,1,1,1,1,0,0,1,0,0,0,0.7,NULL
465236,16/03/2016 21:30,STOP,Kidbrooke,51.461542,0.029141,0,0,0,0,0,1,0,0,1,0,-0.02,NULL
465236,16/03/2016 21:30,START,Kidbrooke,51.461602,0.029079,1,1,1,1,0,0,1,0,0,0,0.63,NULL
465236,16/03/2016 21:34,STOP,Blackheath,51.465866,0.008361,0,0,0,0,0,1,0,0,1,0,-0.02,NULL
465236,16/03/2016 21:34,START,Blackheath,51.465833,0.008316,1,1,1,0,0,0,1,0,0,0,0.1,NULL
465236,16/03/2016 21:37,STOP,Lewisham,51.465374,-0.011958,0,0,0,0,0,1,0,1,1,0,-0.02,NULL
465236,16/03/2016 21:39,START,Lewisham,51.465309,-0.012016,1,1,1,0,0,0,1,0,0,0,0.7,NULL
465236,16/03/2016 21:44,STOP,Nunhead,51.466739,-0.051782,0,0,0,0,1,0,0,1,1,0,-0.05,NULL
465236,16/03/2016 21:44,START,Nunhead,51.466725,-0.051826,1,1,1,1,0,0,1,0,0,0,0.65,NULL
465236,16/03/2016 21:46,STOP,Peckham Rye,51.470274,-0.068951,0,0,0,0,0,1,0,0,1,0,0.02,NULL
465236,16/03/2016 21:47,START,Peckham Rye,51.470298,-0.06897,1,1,1,1,0,0,1,0,0,0,0.36,NULL
465236,16/03/2016 21:49,STOP,Denmark Hill,51.468497,-0.08812,0,0,0,0,0,1,0,0,1,0,-0.02,NULL
465236,16/03/2016 21:50,START,Denmark Hill,51.468572,-0.088217,1,1,1,1,0,0,1,0,0,0,1.02,NULL
465236,16/03/2016 21:59,STOP,London Victoria,51.493738,-0.144995,0,0,0,0,0,0,0,1,1,0,0,NULL
465236,16/03/2016 22:09,START,London Victoria,51.494009,-0.144196,1,1,1,0,0,0,1,0,0,1,0.27,NULL
465236,16/03/2016 22:18,STOP,Denmark Hill,51.468432,-0.088334,0,0,0,0,1,0,0,1,0,1,-0.05,NULL
465236,16/03/2016 22:18,START,Denmark Hill,51.468476,-0.088339,1,1,1,1,0,0,1,0,0,1,0.31,NULL
465236,16/03/2016 22:20,STOP,Peckham Rye,51.470288,-0.069223,0,0,0,0,1,0,0,0,1,1,-0.02,NULL
465236,16/03/2016 22:21,START,Peckham Rye,51.470285,-0.069191,1,1,1,1,0,0,1,0,0,1,0.7,NULL
465236,16/03/2016 22:23,STOP,Nunhead,51.466901,-0.052077,0,0,0,0,0,1,0,1,1,1,-0.05,NULL
465236,16/03/2016 22:24,START,Nunhead,51.466874,-0.05205,1,1,1,1,0,0,1,0,0,1,0.41,NULL
465236,16/03/2016 22:31,STOP,Lewisham,51.465299,-0.011042,0,0,0,0,1,0,0,0,1,1,-0.02,NULL
465236,16/03/2016 22:32,START,Lewisham,51.465321,-0.010992,1,1,1,1,0,0,1,0,0,1,0.7,NULL
465236,16/03/2016 22:34,STOP,Blackheath,51.46577,0.008346,0,0,0,0,1,0,0,0,1,1,-0.02,NULL
465236,16/03/2016 22:34,START,Blackheath,51.465743,0.008361,1,1,1,1,0,0,1,0,0,1,0.1,NULL
465236,16/03/2016 22:37,STOP,Kidbrooke,51.461609,0.02911,0,0,0,0,1,0,0,0,1,1,-0.02,NULL
465236,16/03/2016 22:38,START,Kidbrooke,51.461595,0.029086,1,1,1,1,0,0,1,0,0,1,0.65,NULL
465236,16/03/2016 22:40,STOP,Eltham,51.455834,0.054087,0,0,0,0,1,0,0,0,1,1,-0.17,NULL
465236,16/03/2016 22:41,START,Eltham,51.455845,0.054121,1,1,1,1,0,0,1,0,0,1,0.41,NULL
465236,16/03/2016 22:43,STOP,Falconwood,51.459382,0.080484,0,0,0,0,1,0,0,0,1,1,-0.02,NULL
465236,16/03/2016 22:44,START,Falconwood,51.459397,0.08055,1,1,1,1,0,0,1,0,0,1,0.02,NULL
465236,16/03/2016 22:46,STOP,Welling,51.464926,0.102939,0,0,0,0,1,0,0,0,1,1,-0.02,NULL
465236,16/03/2016 22:46,START,Welling,51.464929,0.102988,1,1,1,1,0,0,1,0,0,1,0.22,NULL
465236,16/03/2016 22:48,STOP,Bexleyheath,51.46356,0.134786,0,0,0,0,1,0,0,0,1,1,-0.05,NULL
465236,16/03/2016 22:49,START,Bexleyheath,51.46355,0.134835,1,1,1,1,0,0,1,0,0,1,0.02,NULL
465236,16/03/2016 22:52,STOP,Barnehurst,51.46496,0.161298,0,0,0,0,1,0,0,0,1,1,-0.05,NULL
465236,16/03/2016 22:52,START,Barnehurst,51.464939,0.161332,1,1,1,1,0,0,1,0,0,1,0.07,NULL
465236,16/03/2016 23:00,STOP,Dartford,51.447332,0.219979,0,0,0,0,1,0,0,1,1,1,0,NULL
465236,16/03/2016 23:09,START,Dartford,51.447334,0.220081,1,1,0,0,0,0,1,0,0,0,0.05,NULL
465236,16/03/2016 23:18,STOP,Barnehurst,51.464925,0.161545,0,0,0,0,0,1,0,0,1,0,0.05,NULL
465236,16/03/2016 23:18,START,Barnehurst,51.464919,0.1615,1,1,1,0,0,0,1,0,0,0,0.7,NULL
465236,16/03/2016 23:20,STOP,Bexleyheath,51.463504,0.134416,0,0,0,0,0,1,0,0,1,0,-0.07,NULL
465236,16/03/2016 23:21,START,Bexleyheath,51.463505,0.134332,1,1,1,0,0,0,1,0,0,0,1.04,NULL
465236,16/03/2016 23:23,STOP,Welling,51.46492,0.103313,0,0,0,0,0,1,0,0,1,0,0,NULL
465236,16/03/2016 23:24,START,Welling,51.464919,0.103269,1,1,0,0,0,0,1,0,0,0,0.73,NULL
465236,16/03/2016 23:26,STOP,Falconwood,51.459487,0.081296,0,0,0,0,0,1,0,0,1,0,-0.02,NULL
465236,16/03/2016 23:26,START,Falconwood,51.459492,0.081257,1,1,1,0,0,0,1,0,0,0,0.73,NULL
465236,16/03/2016 23:29,STOP,Eltham,51.455762,0.053735,0,0,0,0,0,1,0,0,1,0,-0.05,NULL
465236,16/03/2016 23:29,START,Eltham,51.455756,0.053708,1,1,1,0,0,0,1,0,0,0,0.7,NULL
465236,16/03/2016 23:31,STOP,Kidbrooke,51.46154,0.029155,0,0,0,0,0,1,0,0,1,0,-0.02,NULL
465236,16/03/2016 23:32,START,Kidbrooke,51.461607,0.029123,1,1,1,0,0,0,1,0,0,0,0.02,NULL
465236,16/03/2016 23:35,STOP,Blackheath,51.465794,0.008376,0,0,0,0,0,1,0,1,0,0,-0.12,NULL
465236,16/03/2016 23:35,START,Blackheath,51.465808,0.008336,1,1,1,0,0,0,1,0,0,0,0.02,NULL
465236,16/03/2016 23:38,STOP,Lewisham,51.46541,-0.012003,0,0,0,0,0,1,0,0,1,0,-0.02,NULL
465236,16/03/2016 23:38,START,Lewisham,51.46539,-0.012073,1,1,0,0,0,0,1,0,0,0,0.34,NULL
465236,16/03/2016 23:43,STOP,Nunhead,51.466736,-0.051789,0,0,0,0,1,0,0,1,1,0,-0.02,NULL
465236,16/03/2016 23:43,START,Nunhead,51.466733,-0.051814,1,1,1,0,0,0,1,0,0,0,1.43,NULL
465236,16/03/2016 23:45,STOP,Peckham Rye,51.470287,-0.068974,0,0,0,0,0,1,0,0,1,0,-0.02,NULL
465236,16/03/2016 23:46,START,Peckham Rye,51.470285,-0.069011,1,1,1,0,0,0,1,0,0,0,0.05,NULL
465236,16/03/2016 23:48,STOP,Denmark Hill,51.468487,-0.08812,0,0,0,0,0,1,0,0,1,0,-0.02,NULL
465236,16/03/2016 23:48,START,Denmark Hill,51.468402,-0.088183,1,1,1,0,0,0,1,0,0,0,1.77,NULL
465236,16/03/2016 23:58,STOP,London Victoria,51.493701,-0.144087,0,0,0,0,0,1,0,1,1,0,-0.02,NULL
465236,17/03/2016 00:08,START,London Victoria,51.493637,-0.143658,1,1,1,0,0,0,1,0,0,1,0.02,NULL
465236,17/03/2016 00:20,STOP,Denmark Hill,51.46849,-0.088372,0,0,0,0,1,0,0,0,1,1,-0.05,NULL
465236,17/03/2016 00:21,START,Denmark Hill,51.468561,-0.088353,1,1,0,0,0,0,1,0,0,1,0.7,NULL
465236,17/03/2016 00:23,STOP,Peckham Rye,51.470299,-0.069213,0,0,0,0,1,0,0,0,1,1,-0.02,NULL
465236,17/03/2016 00:24,START,Peckham Rye,51.470318,-0.069186,1,1,0,0,0,0,1,0,0,1,0.02,NULL
465236,17/03/2016 00:26,STOP,Nunhead,51.466906,-0.052083,0,0,0,0,0,1,0,1,1,1,0,NULL
465236,17/03/2016 00:26,START,Nunhead,51.466899,-0.052058,1,1,0,0,0,0,1,0,0,1,0.1,NULL
465236,17/03/2016 00:32,STOP,Lewisham,51.465292,-0.011065,0,0,0,0,1,0,0,0,1,1,-0.02,NULL
465236,17/03/2016 00:32,START,Lewisham,51.465281,-0.011052,1,1,0,0,0,0,1,0,0,1,0.73,NULL
465236,17/03/2016 00:35,STOP,Blackheath,51.465776,0.008346,0,0,0,0,0,0,0,0,1,1,-0.07,NULL
465236,17/03/2016 00:35,START,Blackheath,51.465786,0.008401,1,1,0,0,0,0,1,0,0,1,0.73,NULL
465236,17/03/2016 00:38,STOP,Kidbrooke,51.461601,0.029103,0,0,0,0,1,0,0,0,1,1,-0.1,NULL
465236,17/03/2016 00:39,START,Kidbrooke,51.46156,0.029061,1,1,1,0,0,0,1,0,0,1,1.38,NULL
465236,17/03/2016 00:41,STOP,Eltham,51.455857,0.054104,0,0,0,0,1,0,0,0,1,1,-0.05,NULL
465236,17/03/2016 00:42,START,Eltham,51.455874,0.054143,1,1,0,0,0,0,1,0,0,1,1.02,NULL
465236,17/03/2016 00:44,STOP,Falconwood,51.459413,0.080503,0,0,0,0,1,0,0,0,1,1,-0.05,NULL
465236,17/03/2016 00:45,START,Falconwood,51.459437,0.080577,1,1,0,0,0,0,1,0,0,1,0.65,NULL
465236,17/03/2016 00:47,STOP,Welling,51.464929,0.102954,0,0,0,0,1,0,0,0,1,1,-0.02,NULL
465236,17/03/2016 00:47,START,Welling,51.464956,0.103017,1,1,1,0,0,0,1,0,0,1,1.43,NULL
465236,17/03/2016 00:50,STOP,Bexleyheath,51.463554,0.13478,0,0,0,0,1,0,0,0,1,1,-0.05,NULL
465236,17/03/2016 00:50,START,Bexleyheath,51.463572,0.134822,1,1,0,0,0,0,1,0,0,1,1.04,NULL
465236,17/03/2016 00:53,STOP,Barnehurst,51.464948,0.161262,0,0,0,0,1,0,0,0,1,1,-0.02,NULL
465236,17/03/2016 00:53,START,Barnehurst,51.464969,0.161322,1,1,0,0,0,0,1,0,0,1,0.92,NULL
465236,17/03/2016 01:02,STOP,Dartford,51.447342,0.219991,0,0,0,0,1,0,0,1,1,1,-0.07,NULL
465236,17/03/2016 01:07,START,Dartford,51.447335,0.220066,1,1,1,0,0,0,1,0,0,0,1.04,NULL
465236,17/03/2016 01:18,STOP,Slade Green Depot,51.462613,0.195245,0,0,0,0,0,0,1,1,1,0,0.65,NULL
465236,17/03/2016 05:21,START,Slade Green Depot,51.462658,0.195229,1,1,0,0,0,0,1,0,0,1,0.73,NULL
465236,17/03/2016 05:22,STOP,Slade Green Depot,51.461427,0.196078,0,0,0,0,0,0,1,1,1,1,0.31,NULL
465236,17/03/2016 05:24,START,Slade Green Depot,51.461324,0.196016,1,0,0,0,0,0,1,0,0,1,0.34,NULL
465236,17/03/2016 05:24,STOP,Slade Green Depot,51.461324,0.196016,1,0,0,0,0,0,1,0,0,1,-0.07,NULL
465236,17/03/2016 05:24,START,Slade Green Depot,51.46132,0.196017,1,1,0,0,0,0,1,0,0,1,0.34,NULL
465236,17/03/2016 06:03,STOP,Maidstone West,51.269655,0.515754,0,0,0,0,0,0,0,1,1,0,-0.02,NULL
465236,17/03/2016 06:09,START,Maidstone West,51.269637,0.515775,1,1,1,0,0,0,1,0,0,0,0.6,NULL
465236,17/03/2016 06:34,STOP,Strood,51.396949,0.500809,0,0,0,0,0,1,0,0,1,0,-0.02,NULL
465236,17/03/2016 06:36,START,Strood,51.396973,0.500862,1,1,1,1,0,0,1,0,0,0,0.02,NULL
465236,17/03/2016 06:40,STOP,Higham,51.426022,0.467271,0,0,0,0,0,1,0,0,1,0,-0.02,NULL
465236,17/03/2016 06:40,START,Higham,51.426034,0.467273,1,1,1,1,0,0,1,0,0,0,0.34,NULL
465236,17/03/2016 06:47,STOP,Gravesend,51.44137,0.367159,0,0,0,0,0,1,0,0,1,0,-0.02,NULL
465236,17/03/2016 06:48,START,Gravesend,51.441372,0.367153,1,1,1,0,0,0,1,0,0,0,1.04,NULL
465236,17/03/2016 06:54,STOP,Greenhithe,51.450335,0.280988,0,0,0,0,0,1,0,1,1,0,-0.05,NULL
465236,17/03/2016 06:54,START,Greenhithe,51.450312,0.280937,1,1,1,1,0,0,1,0,0,0,0.63,NULL
465236,17/03/2016 06:56,STOP,Stone Crossing,51.451421,0.264086,0,0,0,0,0,1,0,1,1,0,-0.02,NULL
465236,17/03/2016 06:57,START,Stone Crossing,51.451435,0.264044,1,1,1,1,0,0,1,0,0,0,1.04,NULL
465236,17/03/2016 07:00,STOP,Dartford,51.447196,0.221112,0,0,0,0,0,1,0,1,1,0,-0.05,NULL
465236,17/03/2016 07:02,START,Dartford,51.447202,0.221078,1,1,0,0,0,0,1,0,0,0,0.05,NULL
465236,17/03/2016 07:10,STOP,Abbey Wood,51.490894,0.120176,0,0,0,0,1,0,0,0,1,0,-0.02,NULL
465236,17/03/2016 07:12,START,Abbey Wood,51.490865,0.120037,1,1,1,1,0,0,1,0,0,0,0.05,NULL
465236,17/03/2016 07:15,STOP,Woolwich Arsenal,51.489456,0.071294,0,0,0,0,0,1,0,0,1,0,0.07,NULL
465236,17/03/2016 07:16,START,Woolwich Arsenal,51.489448,0.07123,1,1,1,0,0,0,1,0,0,0,1.45,NULL
465236,17/03/2016 07:21,STOP,Charlton,51.486825,0.031288,0,0,0,0,0,1,0,0,1,0,-0.02,NULL
465236,17/03/2016 07:22,START,Charlton,51.486807,0.031251,1,1,1,1,0,0,1,0,0,0,0.31,NULL
465236,17/03/2016 07:26,STOP,Greenwich,51.478299,-0.013397,0,0,0,0,0,0,0,0,1,0,-0.17,NULL
465236,17/03/2016 07:28,START,Greenwich,51.478341,-0.013375,1,1,1,1,0,0,1,0,0,0,0.02,NULL
465236,17/03/2016 07:38,STOP,London Bridge,51.503884,-0.083371,0,0,0,0,0,1,0,1,1,0,-0.05,NULL
465236,17/03/2016 07:41,START,London Bridge,51.50351,-0.083408,1,1,1,1,0,0,1,0,0,0,1.02,NULL
465236,17/03/2016 07:44,STOP,London Cannon Street,51.509343,-0.091513,0,0,0,0,1,0,0,1,1,0,-0.02,NULL
465236,17/03/2016 07:50,START,London Cannon Street,51.508969,-0.091308,1,1,1,1,0,0,1,0,0,1,0.36,NULL
465236,17/03/2016 07:54,STOP,London Bridge,51.50409,-0.083222,0,0,0,0,0,1,0,0,1,1,-0.05,NULL
465236,17/03/2016 07:56,START,London Bridge,51.503937,-0.082294,1,1,1,1,0,0,1,0,0,1,0.02,NULL
465236,17/03/2016 08:01,STOP,New Cross,51.476207,-0.032343,0,0,0,0,1,0,0,0,1,1,-0.05,NULL
465236,17/03/2016 08:02,START,New Cross,51.476133,-0.03236,1,1,1,1,0,0,1,0,0,1,0.73,NULL
465236,17/03/2016 08:05,STOP,Lewisham,51.464759,-0.013349,0,0,0,0,1,0,0,0,1,1,0.02,NULL
465236,17/03/2016 08:06,START,Lewisham,51.46464,-0.013477,1,1,1,1,0,0,1,0,0,1,1.4,NULL
465236,17/03/2016 08:09,STOP,Hither Green,51.450882,1.05E-04,0,0,0,0,1,0,0,1,0,1,-0.02,NULL
465236,17/03/2016 08:10,START,Hither Green,51.450842,1.58E-04,1,1,1,1,0,0,1,0,0,1,0.31,NULL
465236,17/03/2016 08:13,STOP,Grove Park,51.429882,0.02374,0,0,0,0,0,1,0,0,1,1,-0.02,NULL
465236,17/03/2016 08:14,START,Grove Park,51.429837,0.023778,1,1,1,1,0,0,1,0,0,1,0.02,NULL
465236,17/03/2016 08:16,STOP,Elmstead Woods,51.416404,0.045165,0,0,0,0,1,0,0,0,1,1,-0.02,NULL
465236,17/03/2016 08:17,START,Elmstead Woods,51.416409,0.045213,1,1,1,1,0,0,1,0,0,1,0.39,NULL
465236,17/03/2016 08:19,STOP,Chislehurst,51.40494,0.058192,0,0,0,0,1,0,0,0,1,1,-0.02,NULL
465236,17/03/2016 08:20,START,Chislehurst,51.404927,0.058254,1,1,1,1,0,0,1,0,0,1,0.68,NULL
465236,17/03/2016 08:23,STOP,Petts Wood,51.387614,0.07559,0,0,0,0,0,1,0,1,1,1,0.05,NULL
465236,17/03/2016 08:24,START,Petts Wood,51.387581,0.075615,1,1,1,1,0,0,1,0,0,1,0.36,NULL
465236,17/03/2016 08:29,STOP,Orpington,51.373506,0.089165,0,0,0,0,1,0,0,1,1,1,-0.02,NULL
465236,17/03/2016 08:42,START,Orpington,51.373471,0.089145,1,1,1,1,0,0,1,0,0,0,0.02,NULL
465236,17/03/2016 08:46,STOP,Petts Wood,51.387463,0.075572,0,0,0,0,1,0,0,0,1,0,-0.02,NULL
465236,17/03/2016 08:46,START,Petts Wood,51.387485,0.075559,1,1,1,1,0,0,1,0,0,0,0.7,NULL
465236,17/03/2016 08:49,STOP,Chislehurst,51.404991,0.058055,0,0,0,0,0,1,0,0,1,0,-0.02,NULL
465236,17/03/2016 08:50,START,Chislehurst,51.405007,0.057993,1,1,1,1,0,0,1,0,0,0,0.02,NULL
465236,17/03/2016 08:51,STOP,Elmstead Woods,51.41655,0.044956,0,0,0,0,0,1,0,0,1,0,-0.05,NULL
465236,17/03/2016 08:52,START,Elmstead Woods,51.41657,0.044942,1,1,1,1,0,0,1,0,0,0,1.06,NULL
465236,17/03/2016 08:54,STOP,Grove Park,51.429734,0.023737,0,0,0,0,1,0,0,0,1,0,-0.05,NULL
465236,17/03/2016 08:56,START,Grove Park,51.429768,0.023683,1,1,1,1,0,0,1,0,0,0,0.02,NULL
465236,17/03/2016 08:59,STOP,Hither Green,51.450779,2.06E-04,0,0,0,0,0,1,0,0,1,0,0,NULL
465236,17/03/2016 09:00,START,Hither Green,51.450804,1.61E-04,1,1,1,1,0,0,1,0,0,0,1.04,NULL
465236,17/03/2016 09:04,STOP,Lewisham,51.464523,-0.013214,0,0,0,0,0,1,0,1,1,0,-0.1,NULL
465236,17/03/2016 09:05,START,Lewisham,51.464525,-0.013201,1,1,1,1,0,0,1,0,0,0,0.7,NULL
465236,17/03/2016 09:07,STOP,St John,51.468568,-0.020924,0,0,0,0,0,0,0,1,1,0,-0.05,NULL
465236,17/03/2016 09:07,START,St John,51.468581,-0.021045,1,1,1,1,0,0,1,0,0,0,0.02,NULL
465236,17/03/2016 09:10,STOP,New Cross,51.476752,-0.032753,0,0,0,0,0,1,0,0,1,0,-0.02,NULL
465236,17/03/2016 09:10,START,New Cross,51.476766,-0.032753,1,1,1,1,0,0,1,0,0,0,0.02,NULL
465236,17/03/2016 09:23,STOP,London Bridge,51.503843,-0.0834,0,0,0,0,0,1,0,1,1,0,-0.07,NULL
465236,17/03/2016 09:25,START,London Bridge,51.503882,-0.083416,1,1,1,1,0,0,1,0,0,0,0.7,NULL
465236,17/03/2016 09:29,STOP,London Cannon Street,51.509279,-0.091177,0,0,0,0,0,1,0,1,1,0,-0.02,NULL
465236,17/03/2016 09:34,START,London Cannon Street,51.509115,-0.090636,1,1,1,1,0,0,1,0,0,1,1.43,NULL
465236,17/03/2016 09:38,STOP,London Bridge,51.504265,-0.083395,0,0,0,0,0,1,0,0,1,1,-0.05,NULL
465236,17/03/2016 09:39,START,London Bridge,51.504487,-0.083098,1,1,1,1,0,0,1,0,0,1,0.97,NULL
465236,17/03/2016 09:45,STOP,New Cross,51.476208,-0.032321,0,0,0,0,1,0,0,0,1,1,0,NULL
465236,17/03/2016 09:45,START,New Cross,51.476147,-0.032298,1,1,1,1,0,0,1,0,0,1,0.02,NULL
465236,17/03/2016 09:47,STOP,St John,51.468615,-0.020972,0,0,0,0,0,1,0,0,1,1,0,NULL
465236,17/03/2016 09:48,START,St John,51.468642,-0.020945,1,1,1,1,0,0,1,0,0,1,0.65,NULL
465236,17/03/2016 09:49,STOP,Lewisham,51.464757,-0.013319,0,0,0,0,1,0,0,0,1,1,-0.02,NULL
465236,17/03/2016 09:50,START,Lewisham,51.464702,-0.013175,1,1,1,1,0,0,1,0,0,1,0.73,NULL
465236,17/03/2016 09:52,STOP,Ladywell,51.455255,-0.019728,0,0,0,0,1,0,0,0,1,1,-0.02,NULL
465236,17/03/2016 09:53,START,Ladywell,51.455225,-0.019739,1,1,1,1,0,0,1,0,0,1,0.34,NULL
465236,17/03/2016 09:54,STOP,Catford / Catford Bridge,51.444636,-0.02486,0,0,0,0,1,0,0,0,1,1,-0.02,NULL
465236,17/03/2016 09:55,START,Catford / Catford Bridge,51.444623,-0.02488,1,1,1,1,0,0,1,0,0,1,1.79,NULL
465236,17/03/2016 09:57,STOP,Lower Sydenham,51.424516,-0.033351,0,0,0,0,1,0,0,0,1,1,-0.05,NULL
465236,17/03/2016 09:58,START,Lower Sydenham,51.424471,-0.033347,1,1,1,1,0,0,1,0,0,1,0.73,NULL
465236,17/03/2016 09:59,STOP,New Beckenham,51.416432,-0.035201,0,0,0,0,1,0,0,0,1,1,-0.02,NULL
465236,17/03/2016 10:00,START,New Beckenham,51.416393,-0.035197,1,1,1,1,0,0,1,0,0,1,1.09,NULL
465236,17/03/2016 10:02,STOP,Clock House,51.407583,-0.041589,0,0,0,0,1,0,0,0,1,1,-0.07,NULL
465236,17/03/2016 10:02,START,Clock House,51.407538,-0.041609,1,1,1,1,0,0,1,0,0,1,1.06,NULL
465236,17/03/2016 10:04,STOP,Elmers End,51.397548,-0.050271,0,0,0,0,1,0,0,0,1,1,0,NULL
465236,17/03/2016 10:05,START,Elmers End,51.39752,-0.050288,1,1,1,1,0,0,1,0,0,1,0.02,NULL
465236,17/03/2016 10:08,STOP,Eden Park,51.390086,-0.026213,0,0,0,0,1,0,0,0,1,1,-0.02,NULL
465236,17/03/2016 10:08,START,Eden Park,51.390036,-0.026175,1,1,1,1,0,0,1,0,0,1,0.07,NULL
465236,17/03/2016 10:10,STOP,West Wickham,51.381241,-0.014204,0,0,0,0,1,0,0,1,0,1,-0.02,NULL
465236,17/03/2016 10:11,START,West Wickham,51.381217,-0.01416,1,1,1,1,0,0,1,0,0,1,1.43,NULL
465236,17/03/2016 10:14,STOP,Hayes,51.376512,0.010108,0,0,0,0,0,1,0,1,1,1,0.02,NULL
465236,17/03/2016 10:20,START,Hayes,51.376595,0.010194,1,1,1,0,0,0,1,0,0,0,0.05,NULL
465236,17/03/2016 10:23,STOP,West Wickham,51.380769,-0.01321,0,0,0,0,0,1,0,0,1,0,-0.05,NULL
465236,17/03/2016 10:23,START,West Wickham,51.380831,-0.013391,1,1,1,1,0,0,1,0,0,0,0.34,NULL
465236,17/03/2016 10:25,STOP,Eden Park,51.389528,-0.025601,0,0,0,0,0,1,0,0,1,0,-0.02,NULL
465236,17/03/2016 10:25,START,Eden Park,51.389563,-0.025649,1,1,1,1,0,0,1,0,0,0,0.68,NULL
465236,17/03/2016 10:29,STOP,Elmers End,51.397353,-0.050397,0,0,0,0,0,1,0,1,0,0,0.1,NULL
465236,17/03/2016 10:29,START,Elmers End,51.397389,-0.050413,1,1,1,1,0,0,1,0,0,0,1.77,NULL
465236,17/03/2016 10:31,STOP,Clock House,51.407349,-0.041786,0,0,0,0,0,1,0,0,1,0,-0.02,NULL
465236,17/03/2016 10:32,START,Clock House,51.407412,-0.04175,1,1,1,1,0,0,1,0,0,0,0.34,NULL
465236,17/03/2016 10:33,STOP,New Beckenham,51.416367,-0.035275,0,0,0,0,0,1,0,0,1,0,-0.02,NULL
465236,17/03/2016 10:34,START,New Beckenham,51.416398,-0.035282,1,1,1,1,0,0,1,0,0,0,1.02,NULL
465236,17/03/2016 10:35,STOP,Lower Sydenham,51.423964,-0.033476,0,0,0,0,0,1,0,0,1,0,-0.02,NULL
465236,17/03/2016 10:36,START,Lower Sydenham,51.424003,-0.033485,1,1,1,1,0,0,1,0,0,0,1.4,NULL
465236,17/03/2016 10:38,STOP,Catford / Catford Bridge,51.444493,-0.024944,0,0,0,0,0,1,0,0,1,0,-0.02,NULL
465236,17/03/2016 10:39,START,Catford / Catford Bridge,51.444587,-0.024874,1,1,1,1,0,0,1,0,0,0,0.73,NULL
465236,17/03/2016 10:40,STOP,Ladywell,51.455033,-0.019882,0,0,0,0,0,1,0,1,1,0,0.02,NULL
465236,17/03/2016 10:41,START,Ladywell,51.455142,-0.019855,1,1,1,1,0,0,1,0,0,0,0.05,NULL
465236,17/03/2016 10:45,STOP,Lewisham,51.464523,-0.013253,0,0,0,0,0,1,0,1,1,0,-0.1,NULL
465236,17/03/2016 10:47,START,Lewisham,51.464569,-0.013203,1,1,1,1,0,0,1,0,0,0,0.02,NULL
465236,17/03/2016 10:49,STOP,St John,51.46856,-0.020941,0,0,0,0,1,0,0,1,1,0,-0.02,NULL
465236,17/03/2016 10:50,START,St John,51.468563,-0.020974,1,1,1,1,0,0,1,0,0,0,0.68,NULL
465236,17/03/2016 10:51,STOP,New Cross,51.475956,-0.032307,0,0,0,0,0,1,0,0,1,0,0.24,NULL
465236,17/03/2016 10:52,START,New Cross,51.476049,-0.032224,1,1,1,1,0,0,1,0,0,0,0.36,NULL
465236,17/03/2016 10:58,STOP,London Bridge,51.503893,-0.083343,0,0,0,0,0,1,0,1,1,0,-0.02,NULL
465236,17/03/2016 10:59,START,London Bridge,51.503893,-0.083373,1,1,1,1,0,0,1,0,0,0,1.06,NULL
465236,17/03/2016 11:04,STOP,London Cannon Street,51.509051,-0.091292,0,0,0,0,0,1,0,1,1,0,-0.02,NULL
465236,17/03/2016 11:10,START,London Cannon Street,51.507338,-0.092748,1,1,0,0,0,0,1,0,0,1,0.68,NULL
465236,17/03/2016 11:14,STOP,London Bridge,51.50413,-0.083506,0,0,0,0,0,1,0,1,1,1,-0.02,NULL
465236,17/03/2016 11:15,START,London Bridge,51.504127,-0.083315,1,1,0,0,0,0,1,0,0,1,0.65,NULL
465236,17/03/2016 11:21,STOP,New Cross,51.476195,-0.032309,0,0,0,0,1,0,0,1,0,1,-0.02,NULL
465236,17/03/2016 11:21,START,New Cross,51.476159,-0.032341,1,1,0,0,0,0,1,0,0,1,0.02,NULL
465236,17/03/2016 11:23,STOP,St John,51.468624,-0.02096,0,0,0,0,0,1,0,1,1,1,0.02,NULL
465236,17/03/2016 11:24,START,St John,51.468588,-0.020953,1,1,0,0,0,0,1,0,0,1,1.04,NULL
465236,17/03/2016 11:27,STOP,Lewisham,51.464763,-0.013306,0,0,0,0,1,0,0,1,0,1,-0.02,NULL
465236,17/03/2016 11:28,START,Lewisham,51.464692,-0.013317,1,1,0,0,0,0,1,0,0,1,1.06,NULL
465236,17/03/2016 11:31,STOP,Hither Green,51.45138,0.001093,0,0,0,0,1,0,1,0,1,1,-0.02,NULL
465236,17/03/2016 11:32,START,Hither Green,51.451374,0.001118,1,1,1,0,0,0,1,0,0,1,0.02,NULL
465236,17/03/2016 11:33,STOP,Lee,51.449617,0.015192,0,0,0,0,1,0,0,0,1,1,0.02,NULL
465236,17/03/2016 11:34,START,Lee,51.449614,0.015215,1,0,0,0,0,0,1,0,0,1,0.07,NULL
465236,17/03/2016 11:36,STOP,Mottingham,51.440179,0.050976,0,0,0,0,1,0,0,1,0,1,0,NULL
465236,17/03/2016 11:37,START,Mottingham,51.440176,0.051007,1,1,0,0,0,0,1,0,0,1,0.05,NULL
465236,17/03/2016 11:39,STOP,New Eltham,51.437981,0.07137,0,0,0,0,1,0,0,1,0,1,0,NULL
465236,17/03/2016 11:39,START,New Eltham,51.437976,0.071432,1,1,1,0,0,0,1,0,0,1,0.34,NULL
465236,17/03/2016 11:41,STOP,Sidcup,51.433942,0.105747,0,0,0,0,1,0,0,1,0,1,-0.02,NULL
465236,17/03/2016 11:42,START,Sidcup,51.433974,0.105816,1,1,1,0,0,0,1,0,0,1,1.04,NULL
465236,17/03/2016 11:44,STOP,Albany Park,51.435413,0.126521,0,0,0,0,1,0,0,1,0,1,-0.05,NULL
465236,17/03/2016 11:44,START,Albany Park,51.435479,0.126613,1,1,0,0,0,0,1,0,0,1,1.09,NULL
465236,17/03/2016 11:46,STOP,Bexley,51.440327,0.148236,0,0,0,0,1,0,0,1,0,1,-0.12,NULL
465236,17/03/2016 11:46,START,Bexley,51.440347,0.14829,1,1,0,0,0,0,1,0,0,1,0.68,NULL
465236,17/03/2016 11:49,STOP,Crayford,51.448442,0.179545,0,0,0,0,1,0,0,1,0,1,-0.02,NULL
465236,17/03/2016 11:49,START,Crayford,51.448458,0.179603,1,1,1,1,0,0,1,0,0,1,1.43,NULL
465236,17/03/2016 11:54,STOP,Slade Green,51.468953,0.189192,0,0,0,0,1,0,0,1,0,1,-0.1,NULL
465236,17/03/2016 11:54,START,Slade Green,51.468979,0.189156,1,1,1,1,0,0,1,0,0,1,1.14,NULL
465236,17/03/2016 11:56,STOP,Erith,51.482779,0.173629,0,0,0,0,1,0,0,1,0,1,0,NULL
465236,17/03/2016 11:57,START,Erith,51.482824,0.17352,1,1,1,0,0,0,1,0,0,1,0.07,NULL
465236,17/03/2016 11:59,STOP,Belvedere,51.492157,0.151776,0,0,0,0,1,0,0,1,0,1,-0.07,NULL
465236,17/03/2016 12:00,START,Belvedere,51.492156,0.151743,1,1,0,0,0,0,1,0,0,1,0.68,NULL
465236,17/03/2016 12:02,STOP,Abbey Wood,51.490881,0.117973,0,0,0,0,0,1,0,1,1,1,-0.02,NULL
465236,17/03/2016 12:03,START,Abbey Wood,51.49087,0.117918,1,1,0,0,0,0,1,0,0,1,0.02,NULL
465236,17/03/2016 12:05,STOP,Plumstead,51.489719,0.082853,0,0,0,0,1,0,0,1,0,1,-0.02,NULL
465236,17/03/2016 12:06,START,Plumstead,51.489691,0.082789,1,1,1,1,0,0,1,0,0,1,0.34,NULL
465236,17/03/2016 12:07,STOP,Woolwich Arsenal,51.489923,0.069259,0,0,0,0,1,0,0,1,0,1,-0.07,NULL
465236,17/03/2016 12:08,START,Woolwich Arsenal,51.48987,0.069216,1,1,0,0,0,0,1,0,0,1,0.05,NULL
465236,17/03/2016 12:10,STOP,Woolwich Dockyard,51.491386,0.053496,0,0,0,0,1,0,0,1,0,1,-0.02,NULL
465236,17/03/2016 12:11,START,Woolwich Dockyard,51.491437,0.05343,1,1,0,0,0,0,1,0,0,1,0.75,NULL
465236,17/03/2016 12:14,STOP,Charlton,51.486461,0.029176,0,0,0,0,1,0,0,1,0,1,-0.02,NULL
465236,17/03/2016 12:14,START,Charlton,51.486424,0.029134,1,1,0,0,0,0,1,0,0,1,0.05,NULL
465236,17/03/2016 12:16,STOP,Westcombe Park,51.484084,0.01694,0,0,0,0,1,0,0,1,0,1,-0.02,NULL
465236,17/03/2016 12:16,START,Westcombe Park,51.484039,0.01688,1,1,1,1,0,0,1,0,0,1,0.7,NULL
465236,17/03/2016 12:18,STOP,Maze Hill,51.482743,0.002315,0,0,0,0,1,0,0,1,0,1,-0.05,NULL
465236,17/03/2016 12:18,START,Maze Hill,51.482734,0.002269,1,1,1,0,0,0,1,0,0,1,1.02,NULL
465236,17/03/2016 12:21,STOP,Greenwich,51.47817,-0.015576,0,0,0,0,1,0,0,1,0,1,-0.02,NULL
465236,17/03/2016 12:21,START,Greenwich,51.478137,-0.015582,1,1,1,0,0,0,1,0,0,1,0.02,NULL
465236,17/03/2016 12:23,STOP,Deptford,51.479146,-0.027163,0,0,0,0,1,0,0,1,0,1,-0.02,NULL
465236,17/03/2016 12:23,START,Deptford,51.479125,-0.02721,1,1,1,1,0,0,1,0,0,1,0.34,NULL
465236,17/03/2016 12:29,STOP,London Bridge,51.504953,-0.084672,0,0,0,0,1,0,0,1,0,1,-0.02,NULL
465236,17/03/2016 12:30,START,London Bridge,51.505009,-0.084715,1,1,0,0,0,0,1,0,0,1,0.73,NULL
465236,17/03/2016 12:37,STOP,London Cannon Street,51.509931,-0.090599,0,0,0,0,1,0,0,1,1,1,0,NULL
465236,17/03/2016 12:47,START,London Cannon Street,51.511119,-0.084023,1,1,0,0,0,0,1,0,0,0,0.68,NULL
465236,17/03/2016 12:50,STOP,London Bridge,51.505129,-0.084882,0,0,0,0,1,0,0,1,1,0,0.02,NULL
465236,17/03/2016 12:51,START,London Bridge,51.505152,-0.084807,1,1,0,0,0,0,1,0,0,0,1.04,NULL
465236,17/03/2016 12:56,STOP,Deptford,51.479313,-0.027538,0,0,0,0,0,1,0,1,1,0,-0.02,NULL
465236,17/03/2016 12:57,START,Deptford,51.47931,-0.027483,1,1,0,0,0,0,1,0,0,0,1.09,NULL
465236,17/03/2016 12:59,STOP,Greenwich,51.478207,-0.015837,0,0,0,0,0,1,0,1,1,0,-0.05,NULL
465236,17/03/2016 12:59,START,Greenwich,51.478229,-0.015804,1,1,1,0,0,0,1,0,0,0,0.02,NULL
465236,17/03/2016 13:02,STOP,Maze Hill,51.482706,0.003417,0,0,0,0,0,1,0,1,1,0,-0.02,NULL
465236,17/03/2016 13:02,START,Maze Hill,51.482714,0.003484,1,1,1,0,0,0,1,0,0,0,0.85,NULL
465236,17/03/2016 13:04,STOP,Westcombe Park,51.4841,0.01675,0,0,0,0,0,1,0,1,1,0,-0.05,NULL
465236,17/03/2016 13:04,START,Westcombe Park,51.484095,0.016799,1,1,1,0,0,0,1,0,0,0,0.68,NULL
465236,17/03/2016 13:06,STOP,Charlton,51.486527,0.029406,0,0,0,0,0,0,0,1,1,0,-0.02,NULL
465236,17/03/2016 13:07,START,Charlton,51.486552,0.029418,1,1,0,0,0,0,1,0,0,0,0.05,NULL
465236,17/03/2016 13:09,STOP,Woolwich Dockyard,51.491258,0.05415,0,0,0,0,0,1,0,1,1,0,-0.05,NULL
465236,17/03/2016 13:10,START,Woolwich Dockyard,51.491266,0.054187,1,1,1,0,0,0,1,0,0,0,0.05,NULL
465236,17/03/2016 13:12,STOP,Woolwich Arsenal,51.489837,0.06922,0,0,0,0,0,1,0,1,1,0,-0.07,NULL
465236,17/03/2016 13:13,START,Woolwich Arsenal,51.489736,0.06923,1,1,0,0,0,0,1,0,0,0,0.7,NULL
465236,17/03/2016 13:15,STOP,Plumstead,51.489728,0.083175,0,0,0,0,0,1,0,1,1,0,-0.02,NULL
465236,17/03/2016 13:15,START,Plumstead,51.489691,0.083243,1,1,0,0,0,0,1,0,0,0,0.05,NULL
465236,17/03/2016 13:18,STOP,Abbey Wood,51.49104,0.118656,0,0,0,0,0,1,0,1,1,0,0,NULL
465236,17/03/2016 13:19,START,Abbey Wood,51.49108,0.11869,1,1,0,0,0,0,1,0,0,0,0.02,NULL
465236,17/03/2016 13:21,STOP,Belvedere,51.492219,0.152105,0,0,0,0,0,1,0,1,1,0,-0.02,NULL
465236,17/03/2016 13:22,START,Belvedere,51.492242,0.152149,1,1,1,0,0,0,1,0,0,0,0.6,NULL
465236,17/03/2016 13:24,STOP,Erith,51.481925,0.174768,0,0,0,0,0,1,0,1,1,0,-0.07,NULL
465236,17/03/2016 13:24,START,Erith,51.481911,0.174798,1,1,1,0,0,0,1,0,0,0,0.36,NULL
465236,17/03/2016 13:27,STOP,Slade Green,51.468762,0.189369,0,0,0,0,0,1,0,1,1,0,-0.02,NULL
465236,17/03/2016 13:27,START,Slade Green,51.468732,0.189413,1,1,0,0,0,0,1,0,0,0,0.34,NULL
465236,17/03/2016 13:33,STOP,Crayford,51.448518,0.179818,0,0,0,0,0,1,0,1,1,0,-0.02,NULL
465236,17/03/2016 13:37,START,Crayford,51.448493,0.179745,1,1,0,0,0,0,1,0,0,0,0.65,NULL
465236,17/03/2016 13:39,STOP,Bexley,51.440446,0.148787,0,0,0,0,0,1,0,1,1,0,-0.02,NULL
465236,17/03/2016 13:39,START,Bexley,51.440431,0.148756,1,1,0,0,0,0,1,0,0,0,0.02,NULL
465236,17/03/2016 13:41,STOP,Albany Park,51.435601,0.127829,0,0,0,0,0,1,0,1,1,0,-0.02,NULL
465236,17/03/2016 13:42,START,Albany Park,51.435583,0.127781,1,1,1,0,0,0,1,0,0,0,1.4,NULL
465236,17/03/2016 13:44,STOP,Sidcup,51.433949,0.105464,0,0,0,0,0,1,0,1,1,0,-0.02,NULL
465236,17/03/2016 13:45,START,Sidcup,51.43395,0.105378,1,1,1,0,0,0,1,0,0,0,0.73,NULL
465236,17/03/2016 13:48,STOP,New Eltham,51.43798,0.071208,0,0,0,0,0,1,0,1,1,0,0,NULL
465236,17/03/2016 13:48,START,New Eltham,51.437971,0.071161,1,1,1,0,0,0,1,0,0,0,1.43,NULL
465236,17/03/2016 13:50,STOP,Mottingham,51.440192,0.050678,0,0,0,0,0,1,0,1,1,0,-0.02,NULL
465236,17/03/2016 13:51,START,Mottingham,51.4402,0.050611,1,1,0,0,0,0,1,0,0,0,0.7,NULL
465236,17/03/2016 13:54,STOP,Lee,51.449572,0.015395,0,0,0,0,0,0,0,1,1,0,-0.05,NULL
465236,17/03/2016 13:54,START,Lee,51.44957,0.015342,1,1,0,0,0,0,1,0,0,0,1.06,NULL
465236,17/03/2016 13:56,STOP,Hither Green,51.451339,0.001226,0,0,0,0,0,1,0,1,1,0,-0.05,NULL
465236,17/03/2016 13:57,START,Hither Green,51.451328,0.001144,1,1,1,0,0,0,1,0,0,0,1.06,NULL
465236,17/03/2016 14:02,STOP,Lewisham,51.464539,-0.013257,0,0,0,0,0,1,0,1,1,0,-0.05,NULL
465236,17/03/2016 14:04,START,Lewisham,51.464647,-0.013121,1,1,1,0,0,0,1,0,0,0,0.34,NULL
465236,17/03/2016 14:05,STOP,St John,51.468578,-0.020922,0,0,0,0,1,0,0,1,1,0,-0.05,NULL
465236,17/03/2016 14:06,START,St John,51.468568,-0.020943,1,1,0,0,0,0,1,0,0,0,0.02,NULL
465236,17/03/2016 14:08,STOP,New Cross,51.476727,-0.03271,0,0,0,0,0,1,0,1,1,0,-0.05,NULL
465236,17/03/2016 14:10,START,New Cross,51.476755,-0.032739,1,1,0,0,0,0,1,0,0,0,0.68,NULL
465236,17/03/2016 14:18,STOP,London Bridge,51.50385,-0.083325,0,0,0,0,0,1,0,1,1,0,-0.05,NULL
465236,17/03/2016 14:19,START,London Bridge,51.503868,-0.083372,1,1,1,0,0,0,1,0,0,0,0.68,NULL
465236,17/03/2016 14:24,STOP,London Cannon Street,51.509029,-0.091569,0,0,0,0,0,1,0,1,1,0,-0.02,NULL
465236,17/03/2016 14:31,START,London Cannon Street,51.509062,-0.091599,1,1,0,0,0,0,1,0,0,1,1.09,NULL
465236,17/03/2016 14:35,STOP,London Bridge,51.5037,-0.082995,0,0,0,0,0,1,0,1,1,1,-0.02,NULL
465236,17/03/2016 14:36,START,London Bridge,51.503706,-0.082971,1,1,0,0,0,0,1,0,0,1,0.02,NULL
465236,17/03/2016 14:41,STOP,New Cross,51.476186,-0.032291,0,0,0,0,1,0,0,1,1,1,0.1,NULL
465236,17/03/2016 14:42,START,New Cross,51.47613,-0.032317,1,1,0,0,0,0,1,0,0,1,0.02,NULL
465236,17/03/2016 14:44,STOP,St John,51.468614,-0.02095,0,0,0,0,0,1,0,1,1,1,-0.02,NULL
465236,17/03/2016 14:44,START,St John,51.46863,-0.020899,1,1,0,0,0,0,1,0,0,1,0.05,NULL
465236,17/03/2016 14:46,STOP,Lewisham,51.464058,-0.013012,0,0,0,0,1,0,0,1,1,1,0,NULL
465236,17/03/2016 14:46,START,Lewisham,51.464173,-0.013064,1,1,0,0,0,0,1,0,0,1,0.1,NULL
465236,17/03/2016 14:48,STOP,Ladywell,51.454642,-0.020182,0,0,0,0,1,0,0,1,1,1,-0.02,NULL
465236,17/03/2016 14:49,START,Ladywell,51.454605,-0.020272,1,1,0,0,0,0,1,0,0,1,0.36,NULL
465236,17/03/2016 14:51,STOP,Catford / Catford Bridge,51.444648,-0.024871,0,0,0,0,1,0,0,1,1,1,-0.02,NULL
465236,17/03/2016 14:51,START,Catford / Catford Bridge,51.444634,-0.024947,1,1,1,1,0,0,1,0,0,1,0.34,NULL
465236,17/03/2016 14:53,STOP,Lower Sydenham,51.423894,-0.033462,0,0,0,0,1,0,0,1,1,1,-0.05,NULL
465236,17/03/2016 14:54,START,Lower Sydenham,51.423863,-0.033457,1,1,1,1,0,0,1,0,0,1,1.43,NULL
465236,17/03/2016 14:55,STOP,New Beckenham,51.416418,-0.035193,0,0,0,0,1,0,0,1,1,1,-0.02,NULL
465236,17/03/2016 14:55,START,New Beckenham,51.416377,-0.035184,1,1,1,1,0,0,1,0,0,1,0.99,NULL
465236,17/03/2016 14:57,STOP,Clock House,51.406921,-0.042031,0,0,0,0,1,0,0,1,1,1,-0.05,NULL
465236,17/03/2016 14:58,START,Clock House,51.406885,-0.042046,1,1,0,0,0,0,1,0,0,1,0.31,NULL
465236,17/03/2016 15:00,STOP,Elmers End,51.397247,-0.050515,0,0,0,0,1,0,0,1,1,1,-0.02,NULL
465236,17/03/2016 15:00,START,Elmers End,51.397222,-0.050522,1,1,0,0,0,0,1,0,0,1,0.34,NULL
465236,17/03/2016 15:03,STOP,Eden Park,51.389651,-0.025691,0,0,0,0,1,0,0,1,1,1,0,NULL
465236,17/03/2016 15:04,START,Eden Park,51.389629,-0.025623,1,1,0,0,0,0,1,0,0,1,1.06,NULL
465236,17/03/2016 15:06,STOP,West Wickham,51.38086,-0.013495,0,0,0,0,1,0,0,1,1,1,-0.02,NULL
465236,17/03/2016 15:06,START,West Wickham,51.380846,-0.013455,1,1,0,0,0,0,1,0,0,1,0.02,NULL
465236,17/03/2016 15:09,STOP,Hayes,51.376615,0.009527,0,0,0,0,0,1,0,1,1,1,-0.05,NULL
465236,17/03/2016 15:19,START,Hayes,51.376649,0.009656,1,1,0,0,0,0,1,0,0,0,0.7,NULL
465236,17/03/2016 15:22,STOP,West Wickham,51.380969,-0.013697,0,0,0,0,0,1,0,1,1,0,-0.05,NULL
465236,17/03/2016 15:23,START,West Wickham,51.381043,-0.013793,1,1,1,1,0,0,1,0,0,0,0.46,NULL
465236,17/03/2016 15:24,STOP,Eden Park,51.389764,-0.02585,0,0,0,0,0,1,0,1,1,0,-0.07,NULL
465236,17/03/2016 15:25,START,Eden Park,51.389835,-0.025894,1,1,0,0,0,0,1,0,0,0,0.02,NULL
465236,17/03/2016 15:28,STOP,Elmers End,51.397461,-0.050287,0,0,0,0,0,0,0,1,1,0,-0.02,NULL
465236,17/03/2016 15:29,START,Elmers End,51.397469,-0.050301,1,1,0,0,0,0,1,0,0,0,0.34,NULL
465236,17/03/2016 15:30,STOP,Clock House,51.407027,-0.042031,0,0,0,0,0,1,0,1,1,0,0,NULL
465236,17/03/2016 15:31,START,Clock House,51.407068,-0.042032,1,1,0,0,0,0,1,0,0,0,1.04,NULL
465236,17/03/2016 15:32,STOP,New Beckenham,51.41631,-0.035303,0,0,0,0,0,1,0,1,1,0,-0.22,NULL
465236,17/03/2016 15:33,START,New Beckenham,51.416345,-0.035299,1,1,1,1,0,0,1,0,0,0,1.43,NULL
465236,17/03/2016 15:34,STOP,Lower Sydenham,51.423953,-0.033487,0,0,0,0,0,1,0,1,1,0,-0.07,NULL
465236,17/03/2016 15:35,START,Lower Sydenham,51.423979,-0.033457,1,1,0,0,0,0,1,0,0,0,0.73,NULL
465236,17/03/2016 15:37,STOP,Catford / Catford Bridge,51.444702,-0.024913,0,0,0,0,0,1,0,1,1,0,0.02,NULL
465236,17/03/2016 15:37,START,Catford / Catford Bridge,51.444751,-0.02488,1,1,0,0,0,0,1,0,0,0,0.7,NULL
465236,17/03/2016 15:39,STOP,Ladywell,51.454748,-0.02012,0,0,0,0,0,1,0,1,1,0,-0.02,NULL
465236,17/03/2016 15:40,START,Ladywell,51.454807,-0.020106,1,1,0,0,0,0,1,0,0,0,0.05,NULL
465236,17/03/2016 15:42,STOP,Lewisham,51.464152,-0.013081,0,0,0,0,0,1,0,1,1,0,0.02,NULL
465236,17/03/2016 15:44,START,Lewisham,51.464255,-0.012807,1,1,1,1,0,0,1,0,0,0,0.22,NULL
465236,17/03/2016 15:46,STOP,St John,51.468729,-0.021359,0,0,0,0,1,0,0,1,1,0,-0.02,NULL
465236,17/03/2016 15:47,START,St John,51.468754,-0.021339,1,1,1,1,0,0,1,0,0,0,0.7,NULL
465236,17/03/2016 15:48,STOP,New Cross,51.476352,-0.03246,0,0,0,0,0,1,0,1,1,0,0.02,NULL
465236,17/03/2016 15:49,START,New Cross,51.476332,-0.032422,1,1,0,0,0,0,1,0,0,0,0.05,NULL
465236,17/03/2016 15:54,STOP,London Bridge,51.503584,-0.082984,0,0,0,0,0,1,0,1,1,0,0,NULL
465236,17/03/2016 15:55,START,London Bridge,51.503578,-0.082986,1,1,0,0,0,0,1,0,0,0,1.06,NULL
465236,17/03/2016 15:58,STOP,London Cannon Street,51.509037,-0.091575,0,0,0,0,0,1,0,1,1,0,-0.07,NULL
465236,17/03/2016 16:10,START,London Cannon Street,51.50914,-0.09162,1,1,0,0,0,0,1,0,0,1,0.7,NULL
465236,17/03/2016 16:13,STOP,London Bridge,51.503618,-0.083102,0,0,0,0,1,0,0,1,1,1,-0.02,NULL
465236,17/03/2016 16:14,START,London Bridge,51.50359,-0.083027,1,1,0,0,0,0,1,0,0,1,1.04,NULL
465236,17/03/2016 16:19,STOP,New Cross,51.476183,-0.032325,0,0,0,0,1,0,0,1,1,1,-0.05,NULL
465236,17/03/2016 16:19,START,New Cross,51.476094,-0.032305,1,1,1,1,0,0,1,0,0,1,0.07,NULL
465236,17/03/2016 16:21,STOP,St John,51.468585,-0.020989,0,0,0,0,0,1,0,1,1,1,-0.07,NULL
465236,17/03/2016 16:22,START,St John,51.468577,-0.02093,1,1,0,0,0,0,1,0,0,1,0.02,NULL
465236,17/03/2016 16:23,STOP,Lewisham,51.46404,-0.013017,0,0,0,0,1,0,0,1,1,1,0,NULL
465236,17/03/2016 16:24,START,Lewisham,51.464073,-0.013079,1,1,0,0,0,0,1,0,0,1,0.02,NULL
465236,17/03/2016 16:28,STOP,Hither Green,51.451255,0.001574,0,0,0,0,1,0,0,1,1,1,-0.05,NULL
465236,17/03/2016 16:29,START,Hither Green,51.451238,0.001624,1,1,1,1,0,0,1,0,0,1,0.7,NULL
465236,17/03/2016 16:30,STOP,Lee,51.449488,0.016226,0,0,0,0,1,0,0,1,1,1,-0.02,NULL
465236,17/03/2016 16:31,START,Lee,51.449421,0.016262,1,1,1,1,0,0,1,0,0,1,0.02,NULL
465236,17/03/2016 16:33,STOP,Mottingham,51.440147,0.050971,0,0,0,0,1,0,0,1,1,1,-0.02,NULL
465236,17/03/2016 16:34,START,Mottingham,51.440143,0.051036,1,1,0,0,0,0,1,0,0,1,0.02,NULL
465236,17/03/2016 16:36,STOP,New Eltham,51.437926,0.071403,0,0,0,0,1,0,0,1,1,1,-0.02,NULL
465236,17/03/2016 16:36,START,New Eltham,51.437944,0.071459,1,0,0,0,0,0,1,0,0,1,0.34,NULL
465236,17/03/2016 16:39,STOP,Sidcup,51.43393,0.106378,0,0,0,0,0,0,0,1,1,1,0.07,NULL
465236,17/03/2016 16:40,START,Sidcup,51.433891,0.106404,1,0,0,0,0,0,1,0,0,1,0.05,NULL
465236,17/03/2016 16:42,STOP,Albany Park,51.435496,0.127288,0,0,0,0,1,0,0,1,1,1,-0.05,NULL
465236,17/03/2016 16:42,START,Albany Park,51.435515,0.127402,1,1,1,0,0,0,1,0,0,1,1.4,NULL
465236,17/03/2016 16:44,STOP,Bexley,51.440584,0.14918,0,0,0,0,1,0,0,1,1,1,-0.02,NULL
465236,17/03/2016 16:44,START,Bexley,51.440614,0.149273,1,1,1,1,0,0,1,0,0,1,0.07,NULL
465236,17/03/2016 16:47,STOP,Crayford,51.44866,0.180315,0,0,0,0,1,0,0,1,1,1,-0.02,NULL
465236,17/03/2016 16:47,START,Crayford,51.448665,0.18037,1,1,1,1,0,0,1,0,0,1,1.06,NULL
465236,17/03/2016 16:52,STOP,Slade Green,51.468953,0.189174,0,0,0,0,1,0,0,1,1,1,-0.02,NULL
465236,17/03/2016 16:55,START,Slade Green,51.469001,0.189138,1,1,1,1,0,0,1,0,0,1,1.06,NULL
465236,17/03/2016 16:57,STOP,Erith,51.482996,0.173331,0,0,0,0,1,0,0,0,1,1,-0.02,NULL
465236,17/03/2016 16:58,START,Erith,51.483054,0.173224,1,1,1,1,0,0,1,0,0,1,0.68,NULL
465236,17/03/2016 17:00,STOP,Belvedere,51.492168,0.151784,0,0,0,0,1,0,0,0,1,1,0,NULL
465236,17/03/2016 17:00,START,Belvedere,51.492162,0.151703,1,1,1,1,0,0,1,0,0,1,0.68,NULL
465236,17/03/2016 17:03,STOP,Abbey Wood,51.490888,0.117947,0,0,0,0,0,1,0,1,1,1,-0.1,NULL
465236,17/03/2016 17:03,START,Abbey Wood,51.490907,0.117901,1,1,1,1,0,0,1,0,0,1,0.31,NULL
465236,17/03/2016 17:06,STOP,Plumstead,51.4897,0.081949,0,0,0,0,1,0,0,0,1,1,-0.05,NULL
465236,17/03/2016 17:06,START,Plumstead,51.489688,0.081835,1,1,1,1,0,0,1,0,0,1,0.68,NULL
465236,17/03/2016 17:08,STOP,Woolwich Arsenal,51.489898,0.069223,0,0,0,0,1,0,0,1,1,1,-0.02,NULL
465236,17/03/2016 17:09,START,Woolwich Arsenal,51.489856,0.069232,1,1,1,0,0,0,1,0,0,1,0.36,NULL
465236,17/03/2016 17:11,STOP,Woolwich Dockyard,51.491348,0.053448,0,0,0,0,1,0,0,1,1,1,-0.02,NULL
465236,17/03/2016 17:11,START,Woolwich Dockyard,51.49136,0.053418,1,1,1,0,0,0,1,0,0,1,0.1,NULL
465236,17/03/2016 17:14,STOP,Charlton,51.48648,0.029152,0,0,0,0,1,0,0,1,1,1,-0.07,NULL
465236,17/03/2016 17:14,START,Charlton,51.486447,0.02909,1,1,1,1,0,0,1,0,0,1,1.06,NULL
465236,17/03/2016 17:16,STOP,Westcombe Park,51.484027,0.016408,0,0,0,0,1,0,0,0,1,1,0.05,NULL
465236,17/03/2016 17:17,START,Westcombe Park,51.483998,0.016354,1,1,1,1,0,0,1,0,0,1,0.7,NULL
465236,17/03/2016 17:18,STOP,Maze Hill,51.48274,0.002337,0,0,0,0,1,0,0,0,1,1,-0.05,NULL
465236,17/03/2016 17:19,START,Maze Hill,51.482766,0.002304,1,1,1,0,0,0,1,0,0,1,1.06,NULL
465236,17/03/2016 17:21,STOP,Greenwich,51.478084,-0.016419,0,0,0,0,1,0,0,0,1,1,0,NULL
465236,17/03/2016 17:22,START,Greenwich,51.478036,-0.016501,1,1,1,0,0,0,1,0,0,1,0.36,NULL
465236,17/03/2016 17:24,STOP,Deptford,51.479136,-0.027169,0,0,0,0,1,0,0,1,1,1,-0.02,NULL
465236,17/03/2016 17:24,START,Deptford,51.479153,-0.027201,1,1,1,1,0,0,1,0,0,1,0.02,NULL
465236,17/03/2016 17:34,STOP,London Bridge,51.504937,-0.084713,0,0,0,0,1,0,0,1,1,1,0,NULL
465236,17/03/2016 17:35,START,London Bridge,51.504967,-0.084762,1,1,1,0,0,0,1,0,0,1,0.15,NULL
465236,17/03/2016 17:38,STOP,London Cannon Street,51.511277,-0.090627,0,0,0,0,0,1,0,1,1,1,-0.02,NULL
465236,17/03/2016 17:43,START,London Cannon Street,51.510537,-0.090382,1,1,1,1,0,0,1,0,0,0,0.07,NULL
465236,17/03/2016 17:46,STOP,London Bridge,51.504817,-0.085098,0,0,0,0,0,0,0,1,1,0,-0.02,NULL
465236,17/03/2016 17:48,START,London Bridge,51.504357,-0.085503,1,1,0,0,0,0,1,0,0,0,0.05,NULL
465236,17/03/2016 17:54,STOP,New Cross,51.477819,-0.033479,0,0,0,0,0,1,0,0,1,0,0,NULL
465236,17/03/2016 17:55,START,New Cross,51.47779,-0.033467,1,1,1,1,0,0,1,0,0,0,0.7,NULL
465236,17/03/2016 17:57,STOP,St John,51.469624,-0.02331,0,0,0,0,1,0,0,0,1,0,0.02,NULL
465236,17/03/2016 17:57,START,St John,51.469574,-0.023448,1,1,1,0,0,0,1,0,0,0,0.68,NULL
465236,17/03/2016 17:59,STOP,Lewisham,51.465602,-0.014248,0,0,0,0,0,1,0,0,1,0,-0.02,NULL
465236,17/03/2016 18:00,START,Lewisham,51.465568,-0.014211,1,1,1,0,0,0,1,0,0,0,0.02,NULL
465236,17/03/2016 18:04,STOP,Hither Green,51.452163,-8.67E-04,0,0,0,0,0,1,0,1,1,0,-0.02,NULL
465236,17/03/2016 18:05,START,Hither Green,51.452226,-7.54E-04,1,1,1,1,0,0,1,0,0,0,0.68,NULL
465236,17/03/2016 18:06,STOP,Lee,51.449849,0.013444,0,0,0,0,0,1,0,0,1,0,-0.02,NULL
465236,17/03/2016 18:07,START,Lee,51.449837,0.013506,1,1,1,1,0,0,1,0,0,0,0.02,NULL
465236,17/03/2016 18:09,STOP,Mottingham,51.440525,0.048162,0,0,0,0,0,1,0,0,1,0,0.07,NULL
465236,17/03/2016 18:10,START,Mottingham,51.440521,0.048248,1,1,1,1,0,0,1,0,0,0,0.39,NULL
465236,17/03/2016 18:12,STOP,New Eltham,51.438277,0.068626,0,0,0,0,0,1,0,1,1,0,-0.02,NULL
465236,17/03/2016 18:13,START,New Eltham,51.438263,0.068692,1,1,1,1,0,0,1,0,0,0,0.02,NULL
465236,17/03/2016 18:15,STOP,Sidcup,51.434019,0.103476,0,0,0,0,0,1,0,1,1,0,-0.02,NULL
465236,17/03/2016 18:16,START,Sidcup,51.43402,0.103583,1,1,1,1,0,0,1,0,0,0,0.05,NULL
465236,17/03/2016 18:18,STOP,Albany Park,51.435266,0.124432,0,0,0,0,0,1,0,1,1,0,0.02,NULL
465236,17/03/2016 18:19,START,Albany Park,51.435222,0.124518,1,1,0,0,0,0,1,0,0,0,0.02,NULL
465236,17/03/2016 18:21,STOP,Bexley,51.439908,0.146544,0,0,0,0,0,1,0,0,1,0,0,NULL
465236,17/03/2016 18:21,START,Bexley,51.439917,0.146601,1,1,1,1,0,0,1,0,0,0,0.36,NULL
465236,17/03/2016 18:24,STOP,Crayford,51.447991,0.177666,0,0,0,0,0,0,0,1,1,0,-0.05,NULL
465236,17/03/2016 18:25,START,Crayford,51.447983,0.177744,1,1,1,1,0,0,1,0,0,0,1.06,NULL
465236,17/03/2016 18:36,STOP,Barnehurst,51.464925,0.161587,0,0,0,0,0,1,0,0,1,0,-0.02,NULL
465236,17/03/2016 18:38,START,Barnehurst,51.464928,0.161531,1,1,1,1,0,0,1,0,0,0,1.47,NULL
465236,17/03/2016 18:40,STOP,Bexleyheath,51.463558,0.135081,0,0,0,0,0,1,0,0,1,0,-0.02,NULL
465236,17/03/2016 18:40,START,Bexleyheath,51.463531,0.134968,1,1,0,0,0,0,1,0,0,0,0.05,NULL
465236,17/03/2016 18:43,STOP,Welling,51.464939,0.103311,0,0,0,0,0,1,0,0,1,0,-0.07,NULL
465236,17/03/2016 18:43,START,Welling,51.464895,0.103268,1,1,1,1,0,0,1,0,0,0,0.02,NULL
465236,17/03/2016 18:45,STOP,Falconwood,51.459472,0.080892,0,0,0,0,0,1,0,0,1,0,-0.05,NULL
465236,17/03/2016 18:46,START,Falconwood,51.459422,0.080851,1,1,1,1,0,0,1,0,0,0,1.04,NULL
465236,17/03/2016 18:48,STOP,Eltham,51.455845,0.054385,0,0,0,0,0,1,0,0,1,0,-0.02,NULL
465236,17/03/2016 18:48,START,Eltham,51.455846,0.054307,1,1,0,0,0,0,1,0,0,0,0.02,NULL
465236,17/03/2016 18:51,STOP,Kidbrooke,51.461473,0.02944,0,0,0,0,0,1,0,0,1,0,-0.07,NULL
465236,17/03/2016 18:52,START,Kidbrooke,51.46142,0.029397,1,1,1,1,0,0,1,0,0,0,1.04,NULL
465236,17/03/2016 18:56,STOP,Blackheath,51.465972,0.009034,0,0,0,0,0,0,0,1,1,0,0.02,NULL
465236,17/03/2016 18:56,START,Blackheath,51.465882,0.008882,1,1,1,0,0,0,1,0,0,0,0.1,NULL
465236,17/03/2016 18:59,STOP,Lewisham,51.465352,-0.011387,0,0,0,0,0,1,0,1,1,0,-0.07,NULL
465236,17/03/2016 19:00,START,Lewisham,51.46534,-0.011446,1,1,1,1,0,0,1,0,0,0,1.06,NULL
465236,17/03/2016 19:02,STOP,St John,51.468767,-0.021349,0,0,0,0,1,0,0,1,1,0,-0.02,NULL
465236,17/03/2016 19:02,START,St John,51.468738,-0.021371,1,1,0,0,0,0,1,0,0,0,0.02,NULL
465236,17/03/2016 19:04,STOP,New Cross,51.476141,-0.032307,0,0,0,0,1,0,0,0,1,0,-0.02,NULL
465236,17/03/2016 19:04,START,New Cross,51.476051,-0.032308,1,1,1,1,0,0,1,0,0,0,0.68,NULL
465236,17/03/2016 19:10,STOP,London Bridge,51.503605,-0.082991,0,0,0,0,0,1,0,1,1,0,0.02,NULL
465236,17/03/2016 19:11,START,London Bridge,51.503637,-0.083049,1,1,1,0,0,0,1,0,0,0,0.02,NULL
465236,17/03/2016 19:14,STOP,London Cannon Street,51.509155,-0.091164,0,0,0,0,0,1,0,1,1,0,-0.05,NULL
465236,17/03/2016 19:24,START,London Cannon Street,51.507704,-0.091943,1,1,0,0,0,0,1,0,0,1,0.02,NULL
465236,17/03/2016 19:27,STOP,London Bridge,51.503694,-0.083041,0,0,0,0,0,1,0,1,1,1,-0.02,NULL
465236,17/03/2016 19:28,START,London Bridge,51.503692,-0.082984,1,1,1,1,0,0,1,0,0,1,1.09,NULL
465236,17/03/2016 19:33,STOP,New Cross,51.476219,-0.03234,0,0,0,0,0,0,0,0,1,1,-0.02,NULL
465236,17/03/2016 19:34,START,New Cross,51.476164,-0.032373,1,1,1,1,0,0,1,0,0,1,0.34,NULL
465236,17/03/2016 19:36,STOP,St John,51.468601,-0.021021,0,0,0,0,0,1,0,0,1,1,0,NULL
465236,17/03/2016 19:36,START,St John,51.468582,-0.020958,1,1,1,1,0,0,1,0,0,1,0.29,NULL
465236,17/03/2016 19:38,STOP,Lewisham,51.465287,-0.011068,0,0,0,0,1,0,0,0,1,1,-0.02,NULL
465236,17/03/2016 19:38,START,Lewisham,51.465241,-0.01108,1,1,1,1,0,0,1,0,0,1,1.06,NULL
465236,17/03/2016 19:40,STOP,Blackheath,51.465735,0.008299,0,0,0,0,1,0,0,0,1,1,-0.05,NULL
465236,17/03/2016 19:41,START,Blackheath,51.465694,0.008355,1,1,0,0,0,0,1,0,0,1,0.02,NULL
465236,17/03/2016 19:44,STOP,Kidbrooke,51.461602,0.029096,0,0,0,0,0,0,0,0,1,1,-0.02,NULL
465236,17/03/2016 19:44,START,Kidbrooke,51.461547,0.02902,1,1,1,1,0,0,1,0,0,1,0.36,NULL
465236,17/03/2016 19:47,STOP,Eltham,51.455841,0.054095,0,0,0,0,1,0,0,0,1,1,-0.02,NULL
465236,17/03/2016 19:47,START,Eltham,51.455821,0.054149,1,1,1,1,0,0,1,0,0,1,0.05,NULL
465236,17/03/2016 19:50,STOP,Falconwood,51.459514,0.081139,0,0,0,0,1,0,0,0,1,1,0.02,NULL
465236,17/03/2016 19:50,START,Falconwood,51.459493,0.081233,1,1,1,1,0,0,1,0,0,1,0.02,NULL
465236,17/03/2016 19:53,STOP,Welling,51.464932,0.10296,0,0,0,0,0,0,0,0,1,1,-0.02,NULL
465236,17/03/2016 19:53,START,Welling,51.464936,0.103009,1,1,1,0,0,0,1,0,0,1,0.36,NULL
465236,17/03/2016 19:56,STOP,Bexleyheath,51.463554,0.134744,0,0,0,0,1,0,0,1,1,1,-0.02,NULL
465236,17/03/2016 19:57,START,Bexleyheath,51.463554,0.134829,1,1,1,0,0,0,1,0,0,1,0.39,NULL
465236,17/03/2016 20:00,STOP,Barnehurst,51.464957,0.161283,0,0,0,0,1,0,0,0,1,1,0.02,NULL
465236,17/03/2016 20:03,START,Barnehurst,51.464956,0.161357,1,1,0,0,0,0,1,0,0,1,0.05,NULL
465236,17/03/2016 20:43,STOP,Grove Park Shed,51.43585,0.015611,0,0,0,0,0,0,1,1,1,1,0.7,NULL
465236,17/03/2016 20:44,START,Grove Park Shed,51.435817,0.015665,1,0,0,0,0,0,1,0,0,1,0.73,NULL
465236,17/03/2016 20:46,STOP,Grove Park Shed,51.433375,0.019393,0,0,0,0,0,0,1,1,0,1,0.68,NULL
465236,18/03/2016 06:11,START,Grove Park Shed,51.433268,0.019536,1,1,1,0,0,0,1,0,0,0,1.06,NULL
465236,18/03/2016 06:51,STOP,Slade Green,51.467763,0.190253,0,0,0,0,0,1,0,1,0,0,-0.05,NULL
465236,18/03/2016 06:53,START,Slade Green,51.46779,0.190208,1,1,1,1,0,0,1,0,0,0,0.36,NULL
465236,18/03/2016 06:56,STOP,Erith,51.481684,0.175039,0,0,0,0,0,1,0,1,0,0,-0.02,NULL
465236,18/03/2016 06:56,START,Erith,51.481804,0.17498,1,1,1,1,0,0,1,0,0,0,1.06,NULL
465236,18/03/2016 06:58,STOP,Belvedere,51.492206,0.153988,0,0,0,0,0,1,0,1,0,0,-0.02,NULL
465236,18/03/2016 06:59,START,Belvedere,51.492184,0.15394,1,1,1,1,0,0,1,0,0,0,0.34,NULL
465236,18/03/2016 07:01,STOP,Abbey Wood,51.490946,0.120194,0,0,0,0,1,0,0,1,1,0,-0.05,NULL
465236,18/03/2016 07:02,START,Abbey Wood,51.49094,0.120146,1,1,1,1,0,0,1,0,0,0,1.47,NULL
465236,18/03/2016 07:04,STOP,Plumstead,51.489846,0.085091,0,0,0,0,0,1,0,1,0,0,-0.02,NULL
465236,18/03/2016 07:05,START,Plumstead,51.489834,0.084976,1,1,1,1,0,0,1,0,0,0,1.04,NULL
465236,18/03/2016 07:07,STOP,Woolwich Arsenal,51.489498,0.071338,0,0,0,0,0,1,0,1,0,0,-0.02,NULL
465236,18/03/2016 07:08,START,Woolwich Arsenal,51.489503,0.071265,1,1,1,1,0,0,1,0,0,0,0.7,NULL
465236,18/03/2016 07:10,STOP,Woolwich Dockyard,51.491043,0.055602,0,0,0,0,0,1,0,1,0,0,-0.1,NULL
465236,18/03/2016 07:10,START,Woolwich Dockyard,51.491107,0.055607,1,1,1,1,0,0,1,0,0,0,0.99,NULL
465236,18/03/2016 07:13,STOP,Charlton,51.486817,0.031304,0,0,0,0,0,1,0,1,0,0,0,NULL
465236,18/03/2016 07:14,START,Charlton,51.486804,0.031229,1,1,1,1,0,0,1,0,0,0,0.34,NULL
465236,18/03/2016 07:15,STOP,Westcombe Park,51.484278,0.019118,0,0,0,0,0,1,0,1,0,0,-0.15,NULL
465236,18/03/2016 07:16,START,Westcombe Park,51.484271,0.019072,1,1,1,0,0,0,1,0,0,0,0.31,NULL
465236,18/03/2016 07:17,STOP,Maze Hill,51.482639,0.00454,0,0,0,0,0,1,0,1,0,0,-0.02,NULL
465236,18/03/2016 07:18,START,Maze Hill,51.482656,0.004517,1,1,1,1,0,0,1,0,0,0,0.6,NULL
465236,18/03/2016 07:20,STOP,Greenwich,51.478305,-0.013393,0,0,0,0,0,1,0,1,0,0,-0.02,NULL
465236,18/03/2016 07:21,START,Greenwich,51.478347,-0.013395,1,1,1,0,0,0,1,0,0,0,0.65,NULL
465236,18/03/2016 07:23,STOP,Deptford,51.478655,-0.02511,0,0,0,0,0,1,0,1,0,0,-0.02,NULL
465236,18/03/2016 07:24,START,Deptford,51.478664,-0.025152,1,1,1,0,0,0,1,0,0,0,1.02,NULL
465236,18/03/2016 07:30,STOP,London Bridge,51.503782,-0.083385,0,0,0,0,0,1,0,1,1,0,-0.05,NULL
465236,18/03/2016 07:31,START,London Bridge,51.503833,-0.083402,1,1,1,1,0,0,1,0,0,0,0.12,NULL
465236,18/03/2016 07:35,STOP,London Cannon Street,51.509379,-0.091413,0,0,0,0,1,0,0,1,1,0,-0.07,NULL
465236,18/03/2016 07:44,START,London Cannon Street,51.508766,-0.091473,1,1,1,1,0,0,1,0,0,1,0.41,NULL
465236,18/03/2016 07:47,STOP,London Bridge,51.504263,-0.083344,0,0,0,0,0,1,0,1,1,1,0.02,NULL
465236,18/03/2016 07:48,START,London Bridge,51.504267,-0.08281,1,1,1,0,0,0,1,0,0,1,0.36,NULL
465236,18/03/2016 07:53,STOP,Deptford,51.478758,-0.025512,0,0,0,0,1,0,0,1,0,1,0.02,NULL
465236,18/03/2016 07:53,START,Deptford,51.478711,-0.025462,1,1,1,1,0,0,1,0,0,1,0.7,NULL
465236,18/03/2016 07:55,STOP,Greenwich,51.478273,-0.013647,0,0,0,0,1,0,0,1,0,1,-0.07,NULL
465236,18/03/2016 07:58,START,Greenwich,51.478332,-0.013573,1,1,1,1,0,0,1,0,0,1,0.05,NULL
465236,18/03/2016 08:01,STOP,Maze Hill,51.482728,0.005579,0,0,0,0,1,0,0,1,0,1,-0.02,NULL
465236,18/03/2016 08:01,START,Maze Hill,51.482715,0.00567,1,1,1,0,0,0,1,0,0,1,0.34,NULL
465236,18/03/2016 08:03,STOP,Westcombe Park,51.484275,0.018937,0,0,0,0,1,0,0,1,0,1,-0.02,NULL
465236,18/03/2016 08:04,START,Westcombe Park,51.484257,0.019042,1,1,0,0,0,0,1,0,0,1,0.36,NULL
465236,18/03/2016 08:06,STOP,Charlton,51.486875,0.031541,0,0,0,0,1,0,0,1,0,1,-0.02,NULL
465236,18/03/2016 08:07,START,Charlton,51.4869,0.031624,1,1,1,0,0,0,1,0,0,1,0.73,NULL
465236,18/03/2016 08:10,STOP,Woolwich Dockyard,51.491101,0.056239,0,0,0,0,1,0,0,1,0,1,0,NULL
465236,18/03/2016 08:10,START,Woolwich Dockyard,51.491123,0.056322,1,1,1,1,0,0,1,0,0,1,0.15,NULL
465236,18/03/2016 08:12,STOP,Woolwich Arsenal,51.489495,0.071108,0,0,0,0,1,0,0,1,0,1,-0.02,NULL
465236,18/03/2016 08:13,START,Woolwich Arsenal,51.489479,0.071141,1,1,1,0,0,0,1,0,0,1,0.65,NULL
465236,18/03/2016 08:15,STOP,Plumstead,51.489783,0.085159,0,0,0,0,1,0,0,1,0,1,0.1,NULL
465236,18/03/2016 08:15,START,Plumstead,51.489756,0.085003,1,1,1,1,0,0,1,0,0,1,0.73,NULL
465236,18/03/2016 08:18,STOP,Abbey Wood,51.4911,0.120826,0,0,0,0,1,0,0,1,0,1,-0.02,NULL
465236,18/03/2016 08:18,START,Abbey Wood,51.491107,0.120877,1,1,1,1,0,0,1,0,0,1,0.02,NULL
465236,18/03/2016 08:21,STOP,Belvedere,51.492213,0.154277,0,0,0,0,1,0,0,1,0,1,0.05,NULL
465236,18/03/2016 08:21,START,Belvedere,51.492218,0.154328,1,1,1,0,0,0,1,0,0,1,0.36,NULL
465236,18/03/2016 08:24,STOP,Erith,51.480844,0.176162,0,0,0,0,1,0,0,1,0,1,0,NULL
465236,18/03/2016 08:24,START,Erith,51.480819,0.176203,1,1,1,1,0,0,1,0,0,1,0.68,NULL
465236,18/03/2016 08:26,STOP,Slade Green,51.467535,0.190477,0,0,0,0,1,0,0,1,1,1,-0.07,NULL
465236,18/03/2016 08:31,START,Slade Green,51.467486,0.190538,1,1,0,0,0,0,1,0,0,1,0.02,NULL
465236,18/03/2016 08:36,STOP,Barnehurst,51.465023,0.159341,0,0,0,0,0,0,0,1,0,1,-0.05,NULL
465236,18/03/2016 08:38,START,Barnehurst,51.465011,0.159221,1,1,1,0,0,0,1,0,0,1,0.02,NULL
465236,18/03/2016 08:41,STOP,Bexleyheath,51.463597,0.132211,0,0,0,0,1,0,0,1,0,1,-0.02,NULL
465236,18/03/2016 08:41,START,Bexleyheath,51.463606,0.132095,1,1,1,0,0,0,1,0,0,1,0.7,NULL
465236,18/03/2016 08:44,STOP,Welling,51.46473,0.101152,0,0,0,0,1,0,0,1,0,1,0,NULL
465236,18/03/2016 08:45,START,Welling,51.464756,0.101072,1,1,1,0,0,0,1,0,0,1,0.73,NULL
465236,18/03/2016 08:47,STOP,Falconwood,51.4592,0.079205,0,0,0,0,1,0,0,1,0,1,0,NULL
465236,18/03/2016 08:47,START,Falconwood,51.459145,0.079126,1,1,1,0,0,0,1,0,0,1,0.34,NULL
465236,18/03/2016 08:49,STOP,Eltham,51.455524,0.051542,0,0,0,0,1,0,0,1,0,1,0,NULL
465236,18/03/2016 08:50,START,Eltham,51.455514,0.051498,1,1,0,0,0,0,1,0,0,1,0.02,NULL
465236,18/03/2016 08:53,STOP,Kidbrooke,51.462266,0.027257,0,0,0,0,1,0,0,1,0,1,-0.02,NULL
465236,18/03/2016 08:53,START,Kidbrooke,51.462269,0.027195,1,1,1,0,0,0,1,0,0,1,0.7,NULL
465236,18/03/2016 08:56,STOP,Blackheath,51.465625,0.006189,0,0,0,0,1,0,0,1,0,1,-0.02,NULL
465236,18/03/2016 08:57,START,Blackheath,51.465632,0.006138,1,1,1,0,0,0,1,0,0,1,0.65,NULL
465236,18/03/2016 09:00,STOP,Lewisham,51.465845,-0.014081,0,0,0,0,1,0,0,1,1,1,-0.07,NULL
465236,18/03/2016 09:01,START,Lewisham,51.46585,-0.014163,1,1,1,1,0,0,1,0,0,1,0.02,NULL
465236,18/03/2016 09:04,STOP,New Cross,51.477281,-0.033163,0,0,0,0,1,0,0,1,0,1,-0.05,NULL
465236,18/03/2016 09:04,START,New Cross,51.477319,-0.033151,1,1,1,0,0,0,1,0,0,1,0.7,NULL
465236,18/03/2016 09:12,STOP,London Bridge,51.504853,-0.084731,0,0,0,0,1,0,0,1,1,1,0.02,NULL
465236,18/03/2016 09:14,START,London Bridge,51.50493,-0.084816,1,1,1,0,0,0,1,0,0,1,0.75,NULL
465236,18/03/2016 09:19,STOP,London Cannon Street,51.509568,-0.092567,0,0,0,0,0,1,0,1,1,1,-0.02,NULL
465236,18/03/2016 09:26,START,London Cannon Street,51.509183,-0.088214,1,1,1,1,0,0,1,0,0,0,0.02,NULL
465236,18/03/2016 09:30,STOP,London Bridge,51.505188,-0.084938,0,0,0,0,1,0,0,1,1,0,-0.02,NULL
465236,18/03/2016 09:31,START,London Bridge,51.505245,-0.084864,1,1,1,1,0,0,1,0,0,0,0.31,NULL
465236,18/03/2016 09:36,STOP,Deptford,51.479308,-0.027544,0,0,0,0,0,1,0,1,0,0,-0.02,NULL
465236,18/03/2016 09:37,START,Deptford,51.479291,-0.027479,1,1,1,1,0,0,1,0,0,0,0.31,NULL
465236,18/03/2016 09:38,STOP,Greenwich,51.478142,-0.015884,0,0,0,0,0,1,0,1,0,0,-0.02,NULL
465236,18/03/2016 09:39,START,Greenwich,51.478193,-0.015889,1,1,1,0,0,0,1,0,0,0,0.53,NULL
465236,18/03/2016 09:41,STOP,Maze Hill,51.482668,0.003381,0,0,0,0,0,1,0,1,0,0,-0.07,NULL
465236,18/03/2016 09:42,START,Maze Hill,51.482682,0.003447,1,1,1,1,0,0,1,0,0,0,0.36,NULL
465236,18/03/2016 09:43,STOP,Westcombe Park,51.484041,0.016772,0,0,0,0,0,1,0,1,0,0,0,NULL
465236,18/03/2016 09:44,START,Westcombe Park,51.484026,0.016814,1,1,1,1,0,0,1,0,0,0,0.7,NULL
465236,18/03/2016 09:45,STOP,Charlton,51.486523,0.029357,0,0,0,0,0,1,0,1,0,0,-0.02,NULL
465236,18/03/2016 09:46,START,Charlton,51.486519,0.029383,1,1,1,1,0,0,1,0,0,0,0.29,NULL
465236,18/03/2016 09:48,STOP,Woolwich Dockyard,51.491251,0.054128,0,0,0,0,0,1,0,1,0,0,-0.02,NULL
465236,18/03/2016 09:49,START,Woolwich Dockyard,51.491248,0.054224,1,1,1,1,0,0,1,0,0,0,1.4,NULL
465236,18/03/2016 09:51,STOP,Woolwich Arsenal,51.48992,0.06909,0,0,0,0,0,1,0,1,0,0,-0.05,NULL
465236,18/03/2016 09:51,START,Woolwich Arsenal,51.489888,0.069092,1,1,1,1,0,0,1,0,0,0,0.68,NULL
465236,18/03/2016 09:53,STOP,Plumstead,51.489761,0.083146,0,0,0,0,0,1,0,1,0,0,-0.07,NULL
465236,18/03/2016 09:54,START,Plumstead,51.489764,0.083159,1,1,1,1,0,0,1,0,0,0,1.04,NULL
465236,18/03/2016 09:56,STOP,Abbey Wood,51.491048,0.118575,0,0,0,0,0,1,0,1,0,0,-0.07,NULL
465236,18/03/2016 09:57,START,Abbey Wood,51.491031,0.11865,1,1,1,1,0,0,1,0,0,0,0.68,NULL
465236,18/03/2016 09:59,STOP,Belvedere,51.492212,0.152063,0,0,0,0,0,1,0,1,0,0,-0.07,NULL
465236,18/03/2016 09:59,START,Belvedere,51.492234,0.152155,1,1,1,1,0,0,1,0,0,0,0.31,NULL
465236,18/03/2016 10:02,STOP,Erith,51.481924,0.174802,0,0,0,0,0,1,0,1,0,0,-0.02,NULL
465236,18/03/2016 10:02,START,Erith,51.481891,0.17482,1,1,1,1,0,0,1,0,0,0,0.05,NULL
465236,18/03/2016 10:05,STOP,Slade Green,51.468763,0.189406,0,0,0,0,0,1,0,1,0,0,-0.05,NULL
465236,18/03/2016 10:06,START,Slade Green,51.468719,0.189443,1,1,1,1,0,0,1,0,0,0,1.09,NULL
465236,18/03/2016 10:10,STOP,Dartford,51.447923,0.218013,0,0,0,0,0,1,0,1,1,0,-0.02,NULL
465236,18/03/2016 10:22,START,Dartford,51.447901,0.218089,1,1,0,0,0,0,1,0,0,1,0.02,NULL
465236,18/03/2016 10:28,STOP,Barnehurst,51.465023,0.159382,0,0,0,0,1,0,0,0,1,1,-0.02,NULL
465236,18/03/2016 10:29,START,Barnehurst,51.465014,0.159314,1,1,0,0,0,0,1,0,0,1,0.7,NULL
465236,18/03/2016 10:31,STOP,Bexleyheath,51.463645,0.132233,0,0,0,0,1,0,0,0,1,1,-0.07,NULL
465236,18/03/2016 10:32,START,Bexleyheath,51.463656,0.13214,1,1,1,1,0,0,1,0,0,1,1.4,NULL
465236,18/03/2016 10:34,STOP,Welling,51.464711,0.101136,0,0,0,0,1,0,0,0,1,1,-0.07,NULL
465236,18/03/2016 10:35,START,Welling,51.464715,0.10106,1,1,0,0,0,0,1,0,0,1,0.07,NULL
465236,18/03/2016 10:37,STOP,Falconwood,51.459201,0.079236,0,0,0,0,1,0,0,0,1,1,-0.02,NULL
465236,18/03/2016 10:38,START,Falconwood,51.459195,0.079132,1,1,0,0,0,0,1,0,0,1,0.31,NULL
465236,18/03/2016 10:40,STOP,Eltham,51.455539,0.051559,0,0,0,0,1,0,0,0,1,1,-0.02,NULL
465236,18/03/2016 10:41,START,Eltham,51.455546,0.051533,1,1,0,0,0,0,1,0,0,1,1.11,NULL
465236,18/03/2016 10:43,STOP,Kidbrooke,51.462256,0.027213,0,0,0,0,1,0,0,0,1,1,-0.02,NULL
465236,18/03/2016 10:44,START,Kidbrooke,51.462264,0.027182,1,1,0,0,0,0,1,0,0,1,0.65,NULL
465236,18/03/2016 10:47,STOP,Blackheath,51.465546,0.006148,0,0,0,0,1,0,0,0,1,1,-0.05,NULL
465236,18/03/2016 10:48,START,Blackheath,51.465546,0.006105,1,1,1,1,0,0,1,0,0,1,1.06,NULL
465236,18/03/2016 10:50,STOP,Lewisham,51.465815,-0.014092,0,0,0,0,1,0,0,0,1,1,-0.02,NULL
465236,18/03/2016 10:51,START,Lewisham,51.465827,-0.01415,1,1,0,0,0,0,1,0,0,1,1.11,NULL
465236,18/03/2016 11:03,STOP,Waterloo East,51.504083,-0.109458,0,0,0,0,1,0,0,0,1,1,0.02,NULL
465236,18/03/2016 11:04,START,Waterloo East,51.504001,-0.109536,1,1,0,0,0,0,1,0,0,1,0.1,NULL
465236,18/03/2016 11:07,STOP,Charing Cross,51.507389,-0.122763,0,0,0,0,1,0,0,1,1,1,-0.05,NULL
465236,18/03/2016 11:17,START,Charing Cross,51.507663,-0.122955,1,1,0,0,0,0,1,0,0,0,0.36,NULL
465236,18/03/2016 11:20,STOP,Waterloo East,51.504091,-0.109665,0,0,0,0,0,1,0,0,1,0,-0.02,NULL
465236,18/03/2016 11:20,START,Waterloo East,51.50412,-0.109554,1,1,0,0,0,0,1,0,0,0,1.09,NULL
465236,18/03/2016 11:36,STOP,Ladywell,51.456539,-0.018887,0,0,0,0,0,1,0,0,1,0,0.02,NULL
465236,18/03/2016 11:36,START,Ladywell,51.456428,-0.018852,1,1,0,0,0,0,1,0,0,0,0.02,NULL
465236,18/03/2016 11:38,STOP,Catford / Catford Bridge,51.446013,-0.024545,0,0,0,0,0,1,0,0,1,0,-0.05,NULL
465236,18/03/2016 11:39,START,Catford / Catford Bridge,51.44598,-0.02457,1,1,0,0,0,0,1,0,0,0,0.02,NULL
465236,18/03/2016 11:41,STOP,Lower Sydenham,51.425839,-0.03298,0,0,0,0,0,1,0,0,1,0,-0.02,NULL
465236,18/03/2016 11:42,START,Lower Sydenham,51.425813,-0.033014,1,1,1,0,0,0,1,0,0,0,1.04,NULL
465236,18/03/2016 11:43,STOP,New Beckenham,51.417783,-0.034837,0,0,0,0,0,1,0,0,1,0,-0.02,NULL
465236,18/03/2016 11:44,START,New Beckenham,51.417764,-0.034849,1,1,1,1,0,0,1,0,0,0,0.39,NULL
465236,18/03/2016 11:46,STOP,Clock House,51.408818,-0.040273,0,0,0,0,0,1,0,0,1,0,-0.02,NULL
465236,18/03/2016 11:46,START,Clock House,51.408701,-0.040308,1,1,0,0,0,0,1,0,0,0,0.36,NULL
465236,18/03/2016 11:48,STOP,Elmers End,51.398664,-0.048866,0,0,0,0,0,1,0,0,1,0,-0.02,NULL
465236,18/03/2016 11:49,START,Elmers End,51.398584,-0.048964,1,1,1,0,0,0,1,0,0,0,0.05,NULL
465236,18/03/2016 11:52,STOP,Eden Park,51.391085,-0.027744,0,0,0,0,0,1,0,0,1,0,-0.07,NULL
465236,18/03/2016 11:53,START,Eden Park,51.391075,-0.02769,1,1,1,1,0,0,1,0,0,0,0.68,NULL
465236,18/03/2016 11:55,STOP,West Wickham,51.382144,-0.015857,0,0,0,0,0,1,0,0,1,0,-0.05,NULL
465236,18/03/2016 11:56,START,West Wickham,51.382136,-0.01583,1,1,0,0,0,0,1,0,0,0,0.02,NULL
465236,18/03/2016 11:59,STOP,Hayes,51.376764,0.007865,0,0,0,0,0,1,0,1,1,0,0.02,NULL
465236,18/03/2016 12:08,START,Hayes,51.376788,0.007932,1,1,0,0,0,0,1,0,0,1,1.38,NULL
465236,18/03/2016 12:11,STOP,West Wickham,51.381657,-0.015073,0,0,0,0,1,0,0,0,1,1,-0.02,NULL
465236,18/03/2016 12:11,START,West Wickham,51.381675,-0.015127,1,1,0,0,0,0,1,0,0,1,0.87,NULL
465236,18/03/2016 12:13,STOP,Eden Park,51.390625,-0.027037,0,0,0,0,1,0,0,0,1,1,-0.05,NULL
465236,18/03/2016 12:14,START,Eden Park,51.390646,-0.027101,1,1,0,0,0,0,1,0,0,1,1.06,NULL
465236,18/03/2016 12:17,STOP,Elmers End,51.398479,-0.049145,0,0,0,0,1,0,0,0,1,1,-0.02,NULL
465236,18/03/2016 12:18,START,Elmers End,51.398506,-0.049177,1,1,0,0,0,0,1,0,0,1,1.43,NULL
465236,18/03/2016 12:20,STOP,Clock House,51.40852,-0.040518,0,0,0,0,1,0,0,0,1,1,-0.05,NULL
465236,18/03/2016 12:21,START,Clock House,51.408528,-0.04047,1,1,0,0,0,0,1,0,0,1,0.1,NULL
465236,18/03/2016 12:23,STOP,New Beckenham,51.417768,-0.034948,0,0,0,0,1,0,0,0,1,1,-0.02,NULL
465236,18/03/2016 12:23,START,New Beckenham,51.417798,-0.034962,1,1,0,0,0,0,1,0,0,1,0.02,NULL
465236,18/03/2016 12:25,STOP,Lower Sydenham,51.425366,-0.033141,0,0,0,0,1,0,0,0,1,1,-0.02,NULL
465236,18/03/2016 12:26,START,Lower Sydenham,51.425366,-0.033131,1,1,0,0,0,0,1,0,0,1,0.65,NULL
465236,18/03/2016 12:28,STOP,Catford / Catford Bridge,51.445913,-0.024633,0,0,0,0,1,0,0,0,1,1,-0.02,NULL
465236,18/03/2016 12:29,START,Catford / Catford Bridge,51.445969,-0.024624,1,1,0,0,0,0,1,0,0,1,0.31,NULL
465236,18/03/2016 12:31,STOP,Ladywell,51.456335,-0.01896,0,0,0,0,1,0,0,1,1,1,-0.05,NULL
465236,18/03/2016 12:32,START,Ladywell,51.456371,-0.018955,1,1,0,0,0,0,1,0,0,1,1.06,NULL
465236,18/03/2016 12:44,STOP,Waterloo East,51.504093,-0.109445,0,0,0,0,1,0,0,0,1,1,-0.07,NULL
465236,18/03/2016 12:45,START,Waterloo East,51.504091,-0.109476,1,1,1,0,0,0,1,0,0,1,1.06,NULL
465236,18/03/2016 12:48,STOP,Charing Cross,51.507306,-0.123139,0,0,0,0,0,1,0,1,1,1,0,NULL
465236,18/03/2016 13:03,START,Charing Cross,51.508144,-0.123018,1,0,0,0,0,0,1,0,0,0,0.17,NULL
465236,18/03/2016 13:05,STOP,Waterloo East,51.504065,-0.109653,0,0,0,0,0,1,0,1,1,0,-0.02,NULL
465236,18/03/2016 13:06,START,Waterloo East,51.504067,-0.109603,1,0,0,0,0,0,1,0,0,0,0.02,NULL
465236,18/03/2016 13:18,STOP,Lewisham,51.465625,-0.013193,0,0,0,0,0,1,0,1,1,0,-0.05,NULL
465236,18/03/2016 13:19,START,Lewisham,51.465621,-0.013142,1,1,1,0,0,0,1,0,0,0,0.31,NULL
465236,18/03/2016 13:21,STOP,Blackheath,51.465588,0.006145,0,0,0,0,0,1,0,1,1,0,-0.07,NULL
465236,18/03/2016 13:22,START,Blackheath,51.465641,0.006211,1,1,0,0,0,0,1,0,0,0,1.06,NULL
465236,18/03/2016 13:25,STOP,Kidbrooke,51.462295,0.027233,0,0,0,0,0,1,0,1,0,0,-0.02,NULL
465236,18/03/2016 13:25,START,Kidbrooke,51.462263,0.027295,1,1,0,0,0,0,1,0,0,0,1.11,NULL
465236,18/03/2016 13:28,STOP,Eltham,51.455625,0.051976,0,0,0,0,0,1,0,1,1,0,-0.05,NULL
465236,18/03/2016 13:28,START,Eltham,51.455652,0.052046,1,1,0,0,0,0,1,0,0,0,0.7,NULL
465236,18/03/2016 13:31,STOP,Falconwood,51.459064,0.078235,0,0,0,0,0,1,0,1,1,0,0,NULL
465236,18/03/2016 13:31,START,Falconwood,51.459111,0.078343,1,1,0,0,0,0,1,0,0,0,0.34,NULL
465236,18/03/2016 13:33,STOP,Welling,51.464709,0.100785,0,0,0,0,0,1,0,1,1,0,-0.02,NULL
465236,18/03/2016 13:33,START,Welling,51.464724,0.100857,1,0,0,0,0,0,1,0,0,0,0.02,NULL
465236,18/03/2016 13:36,STOP,Bexleyheath,51.463559,0.132478,0,0,0,0,0,1,0,1,1,0,-0.02,NULL
465236,18/03/2016 13:36,START,Bexleyheath,51.463602,0.132655,1,1,1,1,0,0,1,0,0,0,0.75,NULL
465236,18/03/2016 13:39,STOP,Barnehurst,51.465033,0.159112,0,0,0,0,0,1,0,1,1,0,-0.02,NULL
465236,18/03/2016 13:39,START,Barnehurst,51.465015,0.159114,1,1,0,0,0,0,1,0,0,0,0.02,NULL
465236,18/03/2016 13:46,STOP,Dartford,51.447894,0.218045,0,0,0,0,0,1,0,1,1,0,-0.02,NULL
465236,18/03/2016 13:52,START,Dartford,51.447869,0.218089,1,1,0,0,0,0,1,0,0,1,0.02,NULL
465236,18/03/2016 13:58,STOP,Barnehurst,51.465039,0.159399,0,0,0,0,1,0,0,0,1,1,-0.05,NULL
465236,18/03/2016 13:59,START,Barnehurst,51.465085,0.159342,1,1,0,0,0,0,1,0,0,1,0.02,NULL
465236,18/03/2016 14:01,STOP,Bexleyheath,51.463619,0.132191,0,0,0,0,1,0,0,0,1,1,-0.02,NULL
465236,18/03/2016 14:02,START,Bexleyheath,51.463634,0.132116,1,1,0,0,0,0,1,0,0,1,0.65,NULL
465236,18/03/2016 14:04,STOP,Welling,51.464721,0.101145,0,0,0,0,1,0,0,0,1,1,-0.02,NULL
465236,18/03/2016 14:05,START,Welling,51.464723,0.101081,1,1,0,0,0,0,1,0,0,1,0.39,NULL
465236,18/03/2016 14:07,STOP,Falconwood,51.459256,0.079211,0,0,0,0,1,0,0,0,1,1,-0.02,NULL
465236,18/03/2016 14:07,START,Falconwood,51.459221,0.079165,1,1,0,0,0,0,1,0,0,1,0.36,NULL
465236,18/03/2016 14:09,STOP,Eltham,51.455528,0.051562,0,0,0,0,1,0,0,0,1,1,-0.02,NULL
465236,18/03/2016 14:10,START,Eltham,51.455521,0.05154,1,1,0,0,0,0,1,0,0,1,0.02,NULL
465236,18/03/2016 14:12,STOP,Kidbrooke,51.462277,0.027225,0,0,0,0,1,0,0,0,1,1,0.02,NULL
465236,18/03/2016 14:13,START,Kidbrooke,51.462287,0.027191,1,1,0,0,0,0,1,0,0,1,0.7,NULL
465236,18/03/2016 14:16,STOP,Blackheath,51.465588,0.006185,0,0,0,0,1,0,0,0,1,1,-0.12,NULL
465236,18/03/2016 14:17,START,Blackheath,51.465582,0.006124,1,1,0,0,0,0,1,0,0,1,0.02,NULL
465236,18/03/2016 14:19,STOP,Lewisham,51.465817,-0.014061,0,0,0,0,1,0,0,0,1,1,-0.05,NULL
465236,18/03/2016 14:20,START,Lewisham,51.465818,-0.014096,1,1,0,0,0,0,1,0,0,1,0.36,NULL
465236,18/03/2016 14:31,STOP,Waterloo East,51.504084,-0.10943,0,0,0,0,1,0,0,0,1,1,-0.02,NULL
465236,18/03/2016 14:32,START,Waterloo East,51.504083,-0.109464,1,1,0,0,0,0,1,0,0,1,0.34,NULL
465236,18/03/2016 14:35,STOP,Charing Cross,51.507354,-0.122538,0,0,0,0,1,0,0,1,1,1,-0.02,NULL
465236,18/03/2016 14:47,START,Charing Cross,51.507354,-0.122538,1,1,0,0,0,0,1,0,0,0,0.7,NULL
465236,18/03/2016 14:49,STOP,Waterloo East,51.504106,-0.109684,0,0,0,0,0,1,0,0,1,0,-0.05,NULL
465236,18/03/2016 14:50,START,Waterloo East,51.504076,-0.109618,1,1,1,1,0,0,1,0,0,0,1.4,NULL
465236,18/03/2016 15:02,STOP,Ladywell,51.456521,-0.018827,0,0,0,0,0,1,0,0,1,0,-0.02,NULL
465236,18/03/2016 15:03,START,Ladywell,51.456472,-0.018879,1,1,0,0,0,0,1,0,0,0,0.31,NULL
465236,18/03/2016 15:05,STOP,Catford / Catford Bridge,51.446036,-0.024553,0,0,0,0,0,1,0,0,1,0,-0.02,NULL
465236,18/03/2016 15:06,START,Catford / Catford Bridge,51.445999,-0.024525,1,1,1,1,0,0,1,0,0,0,0.68,NULL
465236,18/03/2016 15:08,STOP,Lower Sydenham,51.425848,-0.032975,0,0,0,0,0,1,0,0,1,0,-0.02,NULL
465236,18/03/2016 15:09,START,Lower Sydenham,51.425812,-0.032972,1,1,0,0,0,0,1,0,0,0,0.68,NULL
465236,18/03/2016 15:10,STOP,New Beckenham,51.417786,-0.034877,0,0,0,0,0,1,0,0,1,0,0,NULL
465236,18/03/2016 15:11,START,New Beckenham,51.417765,-0.034873,1,1,0,0,0,0,1,0,0,0,0.73,NULL
465236,18/03/2016 15:13,STOP,Clock House,51.40877,-0.040181,0,0,0,0,0,1,0,0,1,0,-0.02,NULL
465236,18/03/2016 15:13,START,Clock House,51.408715,-0.040348,1,1,1,0,0,0,1,0,0,0,0.68,NULL
465236,18/03/2016 15:15,STOP,Elmers End,51.398687,-0.048922,0,0,0,0,0,1,0,0,1,0,-0.05,NULL
465236,18/03/2016 15:16,START,Elmers End,51.398676,-0.049001,1,1,1,0,0,0,1,0,0,0,0.7,NULL
465236,18/03/2016 15:19,STOP,Eden Park,51.391078,-0.027719,0,0,0,0,0,1,0,0,1,0,0.02,NULL
465236,18/03/2016 15:20,START,Eden Park,51.391085,-0.027666,1,1,0,0,0,0,1,0,0,0,0.1,NULL
465236,18/03/2016 15:22,STOP,West Wickham,51.382153,-0.015834,0,0,0,0,0,0,0,0,1,0,0,NULL
465236,18/03/2016 15:22,START,West Wickham,51.382144,-0.015808,1,1,0,0,0,0,1,0,0,0,1.04,NULL
465236,18/03/2016 15:25,STOP,Hayes,51.376794,0.007908,0,0,0,0,0,1,0,0,1,0,0,NULL
465236,18/03/2016 15:38,START,Hayes,51.376799,0.007987,1,1,0,0,0,0,1,0,0,1,0.73,NULL
465236,18/03/2016 15:40,STOP,West Wickham,51.381639,-0.014967,0,0,0,0,1,0,0,0,1,1,-0.05,NULL
465236,18/03/2016 15:41,START,West Wickham,51.381669,-0.015004,1,1,0,0,0,0,1,0,0,1,0.02,NULL
465236,18/03/2016 15:43,STOP,Eden Park,51.390623,-0.027,0,0,0,0,1,0,0,0,1,1,-0.02,NULL
465236,18/03/2016 15:43,START,Eden Park,51.39063,-0.027074,1,1,0,0,0,0,1,0,0,1,0.39,NULL
465236,18/03/2016 15:46,STOP,Elmers End,51.398506,-0.049188,0,0,0,0,1,0,0,0,1,1,-0.02,NULL
465236,18/03/2016 15:47,START,Elmers End,51.398553,-0.049182,1,1,0,0,0,0,1,0,0,1,0.02,NULL
465236,18/03/2016 15:49,STOP,Clock House,51.408544,-0.040539,0,0,0,0,1,0,0,0,1,1,-0.02,NULL
465236,18/03/2016 15:50,START,Clock House,51.408544,-0.040517,1,1,1,1,0,0,1,0,0,1,0.36,NULL
465236,18/03/2016 15:51,STOP,New Beckenham,51.417768,-0.034986,0,0,0,0,1,0,0,0,1,1,-0.02,NULL
465236,18/03/2016 15:52,START,New Beckenham,51.417798,-0.034964,1,1,0,0,0,0,1,0,0,1,0.02,NULL
465236,18/03/2016 15:53,STOP,Lower Sydenham,51.425366,-0.033159,0,0,0,0,1,0,0,0,1,1,0.02,NULL
465236,18/03/2016 15:53,START,Lower Sydenham,51.425418,-0.033196,1,1,0,0,0,0,1,0,0,1,0.02,NULL
465236,18/03/2016 15:56,STOP,Catford / Catford Bridge,51.445905,-0.024609,0,0,0,0,1,0,0,0,1,1,0.02,NULL
465236,18/03/2016 15:56,START,Catford / Catford Bridge,51.445944,-0.024646,1,1,0,0,0,0,1,0,0,1,0.36,NULL
465236,18/03/2016 15:58,STOP,Ladywell,51.456326,-0.019012,0,0,0,0,1,0,0,0,1,1,0.02,NULL
465236,18/03/2016 15:59,START,Ladywell,51.456373,-0.019001,1,1,0,0,0,0,1,0,0,1,0.02,NULL
465236,18/03/2016 16:12,STOP,Waterloo East,51.503896,-0.109795,0,0,0,0,1,0,0,0,1,1,0,NULL
465236,18/03/2016 16:13,START,Waterloo East,51.503853,-0.109807,1,1,0,0,0,0,1,0,0,1,0.99,NULL
465236,18/03/2016 16:17,STOP,Charing Cross,51.506643,-0.122409,0,0,0,0,1,0,0,1,1,1,0.07,NULL
465236,18/03/2016 16:30,START,Charing Cross,51.506643,-0.122409,1,1,0,0,0,0,1,0,0,0,0.36,NULL
465236,18/03/2016 16:32,STOP,Waterloo East,51.503928,-0.109673,0,0,0,0,0,1,0,0,1,0,0,NULL
465236,18/03/2016 16:33,START,Waterloo East,51.503837,-0.10967,1,1,0,0,0,0,1,0,0,0,1.06,NULL
465236,18/03/2016 16:47,STOP,Hither Green,51.452009,-0.001096,0,0,0,0,0,1,0,1,1,0,-0.07,NULL
465236,18/03/2016 16:50,START,Hither Green,51.451963,-0.001084,1,1,0,0,0,0,1,0,0,0,0.02,NULL
465236,18/03/2016 16:53,STOP,Grove Park,51.430849,0.022178,0,0,0,0,1,0,0,0,1,0,0.02,NULL
465236,18/03/2016 16:55,START,Grove Park,51.430822,0.022196,1,1,0,0,0,0,1,0,0,0,0.7,NULL
465236,18/03/2016 16:57,STOP,Elmstead Woods,51.417409,0.043723,0,0,0,0,0,0,0,0,1,0,-0.02,NULL
465236,18/03/2016 16:58,START,Elmstead Woods,51.417406,0.043733,1,1,0,0,0,0,1,0,0,0,0.73,NULL
465236,18/03/2016 17:00,STOP,Chislehurst,51.406033,0.056802,0,0,0,0,0,1,0,0,1,0,-0.05,NULL
465236,18/03/2016 17:01,START,Chislehurst,51.406037,0.056838,1,1,0,0,0,0,1,0,0,0,0.75,NULL
465236,18/03/2016 17:04,STOP,Petts Wood,51.388805,0.074438,0,0,0,0,1,0,0,1,1,0,-0.02,NULL
465236,18/03/2016 17:05,START,Petts Wood,51.388784,0.07447,1,0,0,0,0,0,1,0,0,0,0.02,NULL
465236,18/03/2016 17:08,STOP,Orpington,51.374271,0.088329,0,0,0,0,0,1,0,1,1,0,-0.02,NULL
465236,18/03/2016 17:10,START,Orpington,51.374205,0.088366,1,1,1,0,0,0,1,0,0,0,0.65,NULL
465236,18/03/2016 17:12,STOP,Chelsfield,51.357141,0.107524,0,0,0,0,0,1,0,1,0,0,-0.02,NULL
465236,18/03/2016 17:13,START,Chelsfield,51.357092,0.107569,1,1,0,0,0,0,1,0,0,0,0.68,NULL
465236,18/03/2016 17:15,STOP,Knockholt,51.346029,0.129312,0,0,0,0,0,1,0,1,0,0,-0.15,NULL
465236,18/03/2016 17:16,START,Knockholt,51.346035,0.129384,1,1,0,0,0,0,1,0,0,0,0.8,NULL
465236,18/03/2016 17:20,STOP,Dunton Green,51.297611,0.171538,0,0,0,0,0,0,0,1,0,0,-0.05,NULL
465236,18/03/2016 17:21,START,Dunton Green,51.297585,0.171548,1,1,0,0,0,0,1,0,0,0,0.31,NULL
465236,18/03/2016 17:24,STOP,Sevenoaks,51.277179,0.181481,0,0,0,0,1,0,0,1,1,0,0,NULL
465236,18/03/2016 17:34,START,Sevenoaks,51.277159,0.181496,1,1,0,0,0,0,1,0,0,1,0.34,NULL
465236,18/03/2016 17:37,STOP,Dunton Green,51.297,0.171394,0,0,0,0,1,0,0,1,0,1,-0.02,NULL
465236,18/03/2016 17:38,START,Dunton Green,51.297016,0.171443,1,1,0,0,0,0,1,0,0,1,0.34,NULL
465236,18/03/2016 17:43,STOP,Knockholt,51.346234,0.128269,0,0,0,0,1,0,0,1,0,1,0,NULL
465236,18/03/2016 17:43,START,Knockholt,51.34624,0.128226,1,1,0,0,0,0,1,0,0,1,0.82,NULL
465236,18/03/2016 17:45,STOP,Chelsfield,51.357073,0.10756,0,0,0,0,1,0,0,1,0,1,-0.02,NULL
465236,18/03/2016 17:46,START,Chelsfield,51.357097,0.107515,1,1,0,0,0,0,1,0,0,1,1.06,NULL
465236,18/03/2016 17:48,STOP,Orpington,51.374269,0.088047,0,0,0,0,1,0,0,1,0,1,-0.02,NULL
465236,18/03/2016 17:50,START,Orpington,51.374312,0.088014,1,1,1,0,0,0,1,0,0,1,1.4,NULL
465236,18/03/2016 17:52,STOP,Petts Wood,51.388626,0.074437,0,0,0,0,0,1,0,1,1,1,-0.02,NULL
465236,18/03/2016 17:54,START,Petts Wood,51.388675,0.074315,1,1,0,0,0,0,1,0,0,1,0.02,NULL
465236,18/03/2016 17:56,STOP,Chislehurst,51.40609,0.056685,0,0,0,0,1,0,0,1,0,1,0.02,NULL
465236,18/03/2016 17:57,START,Chislehurst,51.406091,0.056656,1,1,0,0,0,0,1,0,0,1,0.65,NULL
465236,18/03/2016 17:58,STOP,Elmstead Woods,51.417642,0.043544,0,0,0,0,1,0,0,1,0,1,0,NULL
465236,18/03/2016 17:59,START,Elmstead Woods,51.417647,0.043501,1,1,1,0,0,0,1,0,0,1,0.36,NULL
465236,18/03/2016 18:01,STOP,Grove Park,51.430711,0.022151,0,0,0,0,0,1,0,1,1,1,-0.1,NULL
465236,18/03/2016 18:03,START,Grove Park,51.430699,0.022071,1,1,0,0,0,0,1,0,0,1,0.7,NULL
465236,18/03/2016 18:06,STOP,Hither Green,51.45192,-0.001021,0,0,0,0,1,0,0,1,0,1,-0.02,NULL
465236,18/03/2016 18:07,START,Hither Green,51.451942,-0.00106,1,1,0,0,0,0,1,0,0,1,0.05,NULL
465236,18/03/2016 18:22,STOP,Waterloo East,51.503913,-0.109788,0,0,0,0,1,0,0,1,0,1,-0.1,NULL
465236,18/03/2016 18:23,START,Waterloo East,51.503902,-0.109859,1,1,0,0,0,0,1,0,0,1,0.36,NULL
465236,18/03/2016 18:26,STOP,Charing Cross,51.50725,-0.122884,0,0,0,0,1,0,0,1,0,1,0,NULL
465236,18/03/2016 18:37,START,Charing Cross,51.50725,-0.122884,1,1,0,0,0,0,1,0,0,0,0.73,NULL
465236,18/03/2016 18:40,STOP,Waterloo East,51.504004,-0.10974,0,0,0,0,0,0,0,1,0,0,-0.05,NULL
465236,18/03/2016 18:41,START,Waterloo East,51.503932,-0.109632,1,1,1,0,0,0,1,0,0,0,0.7,NULL
465236,18/03/2016 18:55,STOP,Hither Green,51.452141,-8.51E-04,0,0,0,0,0,1,0,1,0,0,-0.05,NULL
465236,18/03/2016 18:56,START,Hither Green,51.45211,-8.53E-04,1,1,1,0,0,0,1,0,0,0,0.73,NULL
465236,18/03/2016 18:58,STOP,Lee,51.449898,0.013001,0,0,0,0,0,1,0,1,0,0,-0.02,NULL
465236,18/03/2016 18:58,START,Lee,51.449876,0.013037,1,1,1,0,0,0,1,0,0,0,1.06,NULL
465236,18/03/2016 19:01,STOP,Mottingham,51.4404,0.048792,0,0,0,0,0,1,0,1,0,0,0.02,NULL
465236,18/03/2016 19:02,START,Mottingham,51.44048,0.048909,1,1,1,0,0,0,1,0,0,0,0.02,NULL
465236,18/03/2016 19:04,STOP,New Eltham,51.438137,0.069215,0,0,0,0,0,1,0,1,0,0,-0.02,NULL
465236,18/03/2016 19:05,START,New Eltham,51.438096,0.069295,1,1,0,0,0,0,1,0,0,0,0.02,NULL
465236,18/03/2016 19:07,STOP,Sidcup,51.433884,0.103516,0,0,0,0,0,1,0,1,0,0,-0.05,NULL
465236,18/03/2016 19:08,START,Sidcup,51.4339,0.103608,1,1,1,0,0,0,1,0,0,0,0.73,NULL
465236,18/03/2016 19:10,STOP,Albany Park,51.435125,0.124227,0,0,0,0,0,1,0,1,0,0,-0.05,NULL
465236,18/03/2016 19:10,START,Albany Park,51.435199,0.124339,1,1,1,0,0,0,1,0,0,0,0.7,NULL
465236,18/03/2016 19:12,STOP,Bexley,51.439822,0.146187,0,0,0,0,0,0,0,1,0,0,-0.05,NULL
465236,18/03/2016 19:13,START,Bexley,51.439833,0.146239,1,1,0,0,0,0,1,0,0,0,0.02,NULL
465236,18/03/2016 19:15,STOP,Crayford,51.448006,0.177526,0,0,0,0,0,1,0,1,0,0,-0.02,NULL
465236,18/03/2016 19:16,START,Crayford,51.448023,0.177555,1,1,0,0,0,0,1,0,0,0,0.02,NULL
465236,18/03/2016 19:21,STOP,Dartford,51.447986,0.218041,0,0,0,0,1,0,0,1,1,0,-0.02,NULL
465236,18/03/2016 19:22,START,Dartford,51.447952,0.218119,1,1,1,0,0,0,1,0,0,0,0.7,NULL
465236,18/03/2016 19:26,STOP,Stone Crossing,51.451436,0.261398,0,0,0,0,0,0,0,0,1,0,-0.02,NULL
465236,18/03/2016 19:26,START,Stone Crossing,51.451441,0.261445,1,1,1,0,0,0,1,0,0,0,0.02,NULL
465236,18/03/2016 19:28,STOP,Greenhithe,51.450608,0.279342,0,0,0,0,0,1,0,0,1,0,0.05,NULL
465236,18/03/2016 19:28,START,Greenhithe,51.45052,0.279308,1,1,1,0,0,0,1,0,0,0,0.02,NULL
465236,18/03/2016 19:31,STOP,Swanscombe,51.448961,0.310211,0,0,0,0,0,1,0,0,1,0,0.05,NULL
465236,18/03/2016 19:32,START,Swanscombe,51.449022,0.31025,1,1,1,0,0,0,1,0,0,0,1.43,NULL
465236,18/03/2016 19:33,STOP,Northfleet,51.446034,0.323822,0,0,0,0,0,1,0,0,1,0,-0.02,NULL
465236,18/03/2016 19:34,START,Northfleet,51.446037,0.323846,1,1,1,0,0,0,1,0,0,0,0.39,NULL
465236,18/03/2016 19:37,STOP,Gravesend,51.4413,0.366027,0,0,0,0,0,1,0,0,1,0,0,NULL
465236,18/03/2016 19:38,START,Gravesend,51.441385,0.366095,1,1,1,0,0,0,1,0,0,0,0.31,NULL
465236,18/03/2016 19:44,STOP,Higham,51.427765,0.464942,0,0,0,0,0,1,0,1,0,0,-0.05,NULL
465236,18/03/2016 19:44,START,Higham,51.427726,0.465031,1,1,1,0,0,0,1,0,0,0,1.06,NULL
465236,18/03/2016 19:49,STOP,Strood,51.397508,0.501373,0,0,0,0,0,1,0,1,1,0,-0.05,NULL
465236,18/03/2016 19:52,START,Strood,51.397473,0.501387,1,1,1,0,0,0,1,0,0,0,0.02,NULL
465236,18/03/2016 20:09,STOP,Maidstone West,51.270988,0.51568,0,0,0,0,0,0,0,1,1,0,-0.02,NULL
465236,18/03/2016 20:14,START,Maidstone West,51.271011,0.515776,1,1,1,0,0,0,1,0,0,1,0.02,NULL
465236,18/03/2016 21:17,STOP,Slade Green Depot,51.464736,0.193506,0,0,0,0,0,0,1,1,1,1,-0.1,NULL
465236,18/03/2016 21:40,START,Slade Green Depot,51.465003,0.193209,1,1,0,0,0,0,1,0,0,1,0.36,NULL
465236,18/03/2016 21:54,STOP,Plumstead,51.489835,0.083005,0,0,0,0,0,0,0,1,1,0,0,NULL
465236,18/03/2016 22:00,START,Plumstead,51.489713,0.082922,1,1,0,0,0,0,1,0,0,0,0.73,NULL