465236,16/03/2016 00:00:09,START,Grove Park Down Sidings,51.440709,0.010084,1,1,0,0,0,0,1,0,0,0,0.36,NULL
465236,16/03/2016 00:01:20,STOP,Grove Park Down Sidings,51.442736,0.00806,0,0,0,0,0,0,1,1,1,0,0.0,NULL
465236,16/03/2016 00:02:50,START,Grove Park Down Sidings,51.44277,0.008027,1,0,0,0,0,0,1,0,0,1,0.02,NULL
465236,16/03/2016 00:02:51,STOP,Grove Park Down Sidings,51.44277,0.008027,1,0,0,0,0,0,1,0,0,1,-0.02,NULL
465236,16/03/2016 00:04:28,START,Grove Park Down Sidings,51.442773,0.008007,1,1,0,0,0,0,1,0,0,0,0.02,NULL
465236,16/03/2016 00:05:37,STOP,Grove Park Down Sidings,51.441644,0.009027,0,0,0,0,0,0,1,0,1,0,-0.05,NULL
465236,16/03/2016 00:06:15,START,Grove Park Down Sidings,51.441603,0.009085,1,1,0,0,0,0,1,0,0,0,0.02,NULL
465236,16/03/2016 00:08:10,STOP,Grove Park Up Sidings,51.439751,0.010569,0,0,0,0,0,0,1,0,0,0,0.31,NULL
465236,16/03/2016 00:13:32,START,Grove Park Up Sidings,51.439664,0.010642,1,0,0,0,0,0,1,0,0,0,0.02,NULL
465236,16/03/2016 00:13:33,STOP,Grove Park Up Sidings,51.439664,0.010642,1,0,0,0,0,0,1,0,0,0,-0.05,NULL
465236,16/03/2016 00:13:47,START,Grove Park Up Sidings,51.439664,0.010639,1,0,0,0,0,0,1,0,0,0,0.02,NULL
465236,16/03/2016 00:13:48,STOP,Grove Park Up Sidings,51.439664,0.01064,1,0,0,0,0,0,1,0,0,0,-0.02,NULL
465236,16/03/2016 05:00:42,START,Grove Park Up Sidings,51.439667,0.010689,1,0,0,0,0,0,1,0,0,1,1.06,NULL
465236,16/03/2016 05:19:37,STOP,Charing Cross,51.507762,-0.122508,0,0,0,0,0,1,0,1,1,1,-0.12,NULL
465236,16/03/2016 05:36:52,START,Charing Cross,51.507375,-0.123464,1,1,0,0,0,0,1,0,0,0,1.09,NULL
465236,16/03/2016 05:39:25,STOP,Waterloo East,51.504078,-0.10967,0,0,0,0,0,1,0,0,1,0,-0.02,NULL
465236,16/03/2016 05:39:48,START,Waterloo East,51.504058,-0.109656,1,1,0,0,0,0,1,0,0,0,1.04,NULL
465236,16/03/2016 05:50:32,STOP,Lewisham,51.465857,-0.014677,0,0,0,0,0,1,0,1,1,0,-0.02,NULL
465236,16/03/2016 05:51:53,START,Lewisham,51.465879,-0.01463,1,1,1,0,0,0,1,0,0,0,0.65,NULL
465236,16/03/2016 05:55:25,STOP,Hither Green,51.452044,-0.001105,0,0,0,0,0,1,0,0,1,0,-0.05,NULL
465236,16/03/2016 05:55:58,START,Hither Green,51.452032,-0.001086,1,1,1,0,0,0,1,0,0,0,0.34,NULL
465236,16/03/2016 05:59:01,STOP,Grove Park,51.430823,0.022176,0,0,0,0,1,0,0,1,1,0,-0.02,NULL
465236,16/03/2016 05:59:52,START,Grove Park,51.430827,0.022235,1,1,0,0,0,0,1,0,0,0,0.02,NULL
465236,16/03/2016 06:02:19,STOP,Elmstead Woods,51.417462,0.04377,0,0,0,0,0,1,0,0,1,0,-0.05,NULL
465236,16/03/2016 06:02:55,START,Elmstead Woods,51.417455,0.043749,1,1,0,0,0,0,1,0,0,0,0.17,NULL
465236,16/03/2016 06:04:54,STOP,Chislehurst,51.406066,0.056801,0,0,0,0,0,1,0,0,1,0,0.02,NULL
465236,16/03/2016 06:05:45,START,Chislehurst,51.406023,0.056843,1,1,1,0,0,0,1,0,0,0,0.7,NULL
465236,16/03/2016 06:08:24,STOP,Petts Wood,51.388841,0.074447,0,0,0,0,1,0,0,1,1,0,-0.05,NULL
465236,16/03/2016 06:09:01,START,Petts Wood,51.388811,0.074438,1,1,1,0,0,0,1,0,0,0,1.43,NULL
465236,16/03/2016 06:13:05,STOP,Orpington,51.37434,0.088278,0,0,0,0,0,1,0,0,1,0,0.05,NULL
465236,16/03/2016 06:13:36,START,Orpington,51.37431,0.088302,1,1,0,0,0,0,1,0,0,0,0.05,NULL
465236,16/03/2016 06:16:02,STOP,Chelsfield,51.357187,0.107566,0,0,0,0,0,1,0,0,1,0,-0.02,NULL
465236,16/03/2016 06:16:22,START,Chelsfield,51.357156,0.107583,1,1,1,0,0,0,1,0,0,0,0.63,NULL
465236,16/03/2016 06:18:35,STOP,Knockholt,51.346057,0.129338,0,0,0,0,0,1,0,0,1,0,-0.02,NULL
465236,16/03/2016 06:19:00,START,Knockholt,51.346038,0.129377,1,1,1,0,0,0,1,0,0,0,1.04,NULL
465236,16/03/2016 06:23:31,STOP,Dunton Green,51.297633,0.171518,0,0,0,0,0,1,0,0,1,0,-0.02,NULL
465236,16/03/2016 06:23:53,START,Dunton Green,51.297616,0.171519,1,1,1,0,0,0,1,0,0,0,0.68,NULL
465236,16/03/2016 06:26:45,STOP,Sevenoaks,51.27725,0.181449,0,0,0,0,1,0,0,1,1,0,0.05,NULL
465236,16/03/2016 06:35:55,START,Sevenoaks,51.277191,0.181496,1,1,0,0,0,0,1,0,0,1,0.39,NULL
465236,16/03/2016 06:38:22,STOP,Dunton Green,51.296948,0.171391,0,0,0,0,1,0,0,0,1,1,-0.02,NULL
465236,16/03/2016 06:38:48,START,Dunton Green,51.297029,0.171399,1,0,0,0,0,0,1,0,0,1,0.02,NULL
465236,16/03/2016 06:43:41,STOP,Knockholt,51.34624,0.128267,0,0,0,0,1,0,0,0,1,1,-0.05,NULL
465236,16/03/2016 06:44:11,START,Knockholt,51.34626,0.128225,1,1,1,0,0,0,1,0,0,1,0.73,NULL
465236,16/03/2016 06:46:19,STOP,Chelsfield,51.357061,0.10754,0,0,0,0,1,0,0,0,1,1,0.02,NULL
465236,16/03/2016 06:46:54,START,Chelsfield,51.357071,0.107502,1,1,1,0,0,0,1,0,0,1,1.04,NULL
465236,16/03/2016 06:49:12,STOP,Orpington,51.374194,0.088345,0,0,0,0,1,0,0,0,1,1,-0.05,NULL
465236,16/03/2016 06:51:07,START,Orpington,51.374271,0.088287,1,1,1,0,0,0,1,0,0,1,0.36,NULL
465236,16/03/2016 06:53:14,STOP,Petts Wood,51.388635,0.07443,0,0,0,0,0,1,0,1,1,1,-0.02,NULL
465236,16/03/2016 06:54:06,START,Petts Wood,51.388663,0.074373,1,1,1,0,0,0,1,0,0,1,1.02,NULL
465236,16/03/2016 06:56:29,STOP,Chislehurst,51.406062,0.056695,0,0,0,0,1,0,0,0,1,1,0.1,NULL
465236,16/03/2016 06:57:45,START,Chislehurst,51.406086,0.056652,1,1,0,0,0,0,1,0,0,1,0.34,NULL
465236,16/03/2016 06:59:37,STOP,Elmstead Woods,51.417607,0.043559,0,0,0,0,1,0,0,0,1,1,-0.02,NULL
465236,16/03/2016 07:00:09,START,Elmstead Woods,51.417692,0.043488,1,1,0,0,0,0,1,0,0,1,0.02,NULL
465236,16/03/2016 07:02:29,STOP,Grove Park,51.43071,0.022173,0,0,0,0,0,1,0,1,1,1,-0.02,NULL
465236,16/03/2016 07:04:11,START,Grove Park,51.430731,0.02205,1,1,1,0,0,0,1,0,0,1,0.68,NULL
465236,16/03/2016 07:07:08,STOP,Hither Green,51.45195,-9.89E-4,0,0,0,0,1,0,0,0,1,1,0.02,NULL
465236,16/03/2016 07:07:54,START,Hither Green,51.451975,-0.001053,1,1,1,0,0,0,1,0,0,1,0.34,NULL
465236,16/03/2016 07:18:25,STOP,London Bridge,51.505231,-0.085017,0,0,0,0,0,1,0,1,1,1,-0.05,NULL
465236,16/03/2016 07:19:59,START,London Bridge,51.504759,-0.085797,1,1,1,0,0,0,1,0,0,1,0.31,NULL
465236,16/03/2016 07:22:48,STOP,London Cannon Street,51.5099,-0.091625,0,0,0,0,0,1,0,1,1,1,-0.1,NULL
465236,16/03/2016 07:32:58,START,London Cannon Street,51.510754,-0.091254,1,1,0,0,0,0,1,0,0,0,1.4,NULL
465236,16/03/2016 07:35:55,STOP,London Bridge,51.505094,-0.084915,0,0,0,0,1,0,0,1,1,0,-0.02,NULL
465236,16/03/2016 07:37:00,START,London Bridge,51.505128,-0.084828,1,1,0,0,0,0,1,0,0,0,1.38,NULL
465236,16/03/2016 07:42:05,STOP,Deptford,51.479331,-0.027563,0,0,0,0,0,1,0,0,1,0,-0.02,NULL
465236,16/03/2016 07:42:47,START,Deptford,51.479302,-0.027545,1,1,1,0,0,0,1,0,0,0,0.02,NULL
465236,16/03/2016 07:44:27,STOP,Greenwich,51.478169,-0.015863,0,0,0,0,0,1,0,0,1,0,-0.02,NULL
465236,16/03/2016 07:45:01,START,Greenwich,51.478202,-0.015654,1,1,0,0,0,0,1,0,0,0,0.34,NULL
465236,16/03/2016 07:47:34,STOP,Maze Hill,51.482661,0.00336,0,0,0,0,0,1,0,0,1,0,-0.02,NULL
465236,16/03/2016 07:48:02,START,Maze Hill,51.482674,0.003456,1,1,1,0,0,0,1,0,0,0,0.73,NULL
465236,16/03/2016 07:49:31,STOP,Westcombe Park,51.484064,0.016696,0,0,0,0,0,1,0,0,1,0,-0.07,NULL
465236,16/03/2016 07:50:04,START,Westcombe Park,51.484097,0.016736,1,1,1,0,0,0,1,0,0,0,0.68,NULL
465236,16/03/2016 07:51:42,STOP,Charlton,51.486531,0.029357,0,0,0,0,0,1,0,0,1,0,0.0,NULL
465236,16/03/2016 07:52:11,START,Charlton,51.486572,0.029438,1,1,1,0,0,0,1,0,0,0,0.36,NULL
465236,16/03/2016 07:54:43,STOP,Woolwich Dockyard,51.491224,0.054115,0,0,0,0,0,1,0,0,1,0,0.02,NULL
465236,16/03/2016 07:55:10,START,Woolwich Dockyard,51.491249,0.054079,1,1,1,0,0,0,1,0,0,0,0.7,NULL
465236,16/03/2016 07:57:10,STOP,Woolwich Arsenal,51.489761,0.069301,0,0,0,0,0,1,0,0,1,0,-0.02,NULL
465236,16/03/2016 07:57:53,START,Woolwich Arsenal,51.489783,0.069374,1,1,0,0,0,0,1,0,0,0,0.41,NULL
465236,16/03/2016 07:59:37,STOP,Plumstead,51.489706,0.083035,0,0,0,0,0,1,0,0,1,0,0.0,NULL
465236,16/03/2016 08:00:09,START,Plumstead,51.489726,0.083139,1,1,0,0,0,0,1,0,0,0,0.05,NULL
465236,16/03/2016 08:02:38,STOP,Abbey Wood,51.491021,0.118562,0,0,0,0,0,1,0,0,1,0,0.0,NULL
465236,16/03/2016 08:03:06,START,Abbey Wood,51.491013,0.118619,1,1,1,0,0,0,1,0,0,0,0.7,NULL
465236,16/03/2016 08:05:22,STOP,Belvedere,51.492201,0.152058,0,0,0,0,0,1,0,0,1,0,-0.02,NULL
465236,16/03/2016 08:05:56,START,Belvedere,51.492201,0.152121,1,1,1,0,0,0,1,0,0,0,1.72,NULL
465236,16/03/2016 08:08:08,STOP,Erith,51.481936,0.174763,0,0,0,0,0,1,0,0,1,0,-0.05,NULL
465236,16/03/2016 08:08:52,START,Erith,51.481905,0.17482,1,1,1,0,0,0,1,0,0,0,0.02,NULL
465236,16/03/2016 08:11:12,STOP,Slade Green,51.468762,0.189366,0,0,0,0,0,1,0,1,1,0,-0.02,NULL
465236,16/03/2016 08:13:03,START,Slade Green,51.468719,0.189443,1,1,1,0,0,0,1,0,0,0,0.68,NULL
465236,16/03/2016 08:22:19,STOP,Barnehurst,51.464907,0.161558,0,0,0,0,0,1,0,0,1,0,-0.02,NULL
465236,16/03/2016 08:23:54,START,Barnehurst,51.464913,0.161476,1,1,1,0,0,0,1,0,0,0,0.7,NULL
465236,16/03/2016 08:26:03,STOP,Bexleyheath,51.463505,0.13444,0,0,0,0,0,1,0,0,1,0,-0.02,NULL
465236,16/03/2016 08:26:58,START,Bexleyheath,51.463478,0.134309,1,1,1,0,0,0,1,0,0,0,0.02,NULL
465236,16/03/2016 08:29:08,STOP,Welling,51.464904,0.103336,0,0,0,0,0,1,0,0,1,0,-0.02,NULL
465236,16/03/2016 08:29:57,START,Welling,51.46488,0.10325,1,1,1,0,0,0,1,0,0,0,0.75,NULL
465236,16/03/2016 08:31:52,STOP,Falconwood,51.459485,0.081307,0,0,0,0,0,1,0,0,1,0,-0.02,NULL
465236,16/03/2016 08:32:22,START,Falconwood,51.4595,0.081257,1,1,1,0,0,0,1,0,0,0,1.09,NULL
465236,16/03/2016 08:34:31,STOP,Eltham,51.455762,0.053749,0,0,0,0,0,1,0,0,1,0,-0.02,NULL
465236,16/03/2016 08:35:09,START,Eltham,51.455751,0.053708,1,1,1,0,0,0,1,0,0,0,0.46,NULL
465236,16/03/2016 08:37:32,STOP,Kidbrooke,51.461539,0.029176,0,0,0,0,0,1,0,0,1,0,-0.02,NULL
465236,16/03/2016 08:38:02,START,Kidbrooke,51.461592,0.029093,1,1,0,0,0,0,1,0,0,0,0.02,NULL
465236,16/03/2016 08:40:58,STOP,Blackheath,51.465791,0.008369,0,0,0,0,0,1,0,0,1,0,-0.02,NULL
465236,16/03/2016 08:42:08,START,Blackheath,51.465852,0.008329,1,1,1,0,0,0,1,0,0,0,0.02,NULL
465236,16/03/2016 08:44:20,STOP,Lewisham,51.465394,-0.011986,0,0,0,0,0,1,0,1,1,0,-0.02,NULL
465236,16/03/2016 08:48:43,START,Lewisham,51.465378,-0.012257,1,1,1,0,0,0,1,0,0,0,0.05,NULL
465236,16/03/2016 08:53:38,STOP,Nunhead,51.466723,-0.051767,0,0,0,0,1,0,0,1,1,0,-0.05,NULL
465236,16/03/2016 08:54:07,START,Nunhead,51.466734,-0.051801,1,0,0,0,0,0,1,0,0,0,0.02,NULL
465236,16/03/2016 08:55:52,STOP,Peckham Rye,51.470273,-0.068946,0,0,0,0,0,1,0,0,1,0,-0.02,NULL
465236,16/03/2016 08:56:26,START,Peckham Rye,51.470269,-0.068994,1,1,1,0,0,0,1,0,0,0,0.02,NULL
465236,16/03/2016 08:58:29,STOP,Denmark Hill,51.468458,-0.088127,0,0,0,0,0,1,0,0,1,0,-0.07,NULL
465236,16/03/2016 08:59:24,START,Denmark Hill,51.468442,-0.088097,1,1,1,0,0,0,1,0,0,0,1.06,NULL
465236,16/03/2016 09:06:37,STOP,Victoria Sidings,51.488147,-0.148069,0,0,0,0,0,0,1,1,0,0,0.73,NULL
465236,16/03/2016 09:12:36,START,Victoria Sidings,51.488193,-0.148055,1,1,1,0,0,0,1,0,0,0,0.02,NULL
465236,16/03/2016 09:14:29,STOP,London Victoria,51.493365,-0.145194,0,0,0,0,1,0,0,1,1,0,-0.02,NULL
465236,16/03/2016 09:29:58,START,London Victoria,51.493238,-0.145136,1,1,0,0,0,0,1,0,0,1,0.02,NULL
465236,16/03/2016 09:34:41,STOP,Victoria Sidings,51.486144,-0.146763,0,0,0,0,0,0,1,1,0,1,0.7,NULL
465236,16/03/2016 17:28:11,START,Victoria Sidings,51.485983,-0.146471,1,1,0,0,0,0,1,0,0,0,0.68,NULL
465236,16/03/2016 17:29:06,STOP,Victoria Sidings,51.486691,-0.146849,0,0,0,0,0,0,1,1,1,0,-0.05,NULL
465236,16/03/2016 17:36:45,START,Victoria Sidings,51.486676,-0.147404,1,1,1,0,0,0,1,0,0,0,1.43,NULL
465236,16/03/2016 17:40:14,STOP,London Victoria,51.493564,-0.14491,0,0,0,0,0,1,0,1,1,0,0.02,NULL
465236,16/03/2016 17:56:22,START,London Victoria,51.493632,-0.143833,1,1,1,0,0,0,1,0,0,1,1.06,NULL
465236,16/03/2016 18:05:25,STOP,Denmark Hill,51.468424,-0.088296,0,0,0,0,1,0,0,1,0,1,-0.07,NULL
465236,16/03/2016 18:06:09,START,Denmark Hill,51.468408,-0.088242,1,1,1,1,0,0,1,0,0,1,1.06,NULL
465236,16/03/2016 18:08:57,STOP,Peckham Rye,51.470275,-0.069182,0,0,0,0,1,0,0,1,0,1,-0.07,NULL
465236,16/03/2016 18:10:04,START,Peckham Rye,51.470282,-0.069184,1,1,1,1,0,0,1,0,0,1,1.06,NULL
465236,16/03/2016 18:12:07,STOP,Nunhead,51.466866,-0.052101,0,0,0,0,0,1,0,1,1,1,-0.02,NULL
465236,16/03/2016 18:12:54,START,Nunhead,51.466831,-0.052059,1,1,1,1,0,0,1,0,0,1,0.65,NULL
465236,16/03/2016 18:18:28,STOP,Lewisham,51.465311,-0.011039,0,0,0,0,1,0,0,1,0,1,0.02,NULL
465236,16/03/2016 18:19:16,START,Lewisham,51.465335,-0.011011,1,1,1,1,0,0,1,0,0,1,0.02,NULL
465236,16/03/2016 18:21:37,STOP,Blackheath,51.465753,0.008381,0,0,0,0,1,0,0,1,1,1,-0.07,NULL
465236,16/03/2016 18:24:57,START,Blackheath,51.465751,0.008487,1,1,1,1,0,0,1,0,0,1,1.06,NULL
465236,16/03/2016 18:27:48,STOP,Kidbrooke,51.461586,0.029103,0,0,0,0,1,0,0,1,0,1,-0.02,NULL
465236,16/03/2016 18:28:18,START,Kidbrooke,51.461585,0.029102,1,1,1,1,0,0,1,0,0,1,0.05,NULL
465236,16/03/2016 18:31:09,STOP,Eltham,51.455788,0.054143,0,0,0,0,1,0,0,1,0,1,-0.02,NULL
465236,16/03/2016 18:31:41,START,Eltham,51.455785,0.054209,1,1,1,1,0,0,1,0,0,1,0.29,NULL
465236,16/03/2016 18:33:59,STOP,Falconwood,51.459335,0.080522,0,0,0,0,1,0,0,1,0,1,-0.02,NULL
465236,16/03/2016 18:34:34,START,Falconwood,51.459348,0.080589,1,1,1,1,0,0,1,0,0,1,0.31,NULL
465236,16/03/2016 18:36:38,STOP,Welling,51.464884,0.102948,0,0,0,0,1,0,0,1,0,1,0.0,NULL
465236,16/03/2016 18:37:10,START,Welling,51.46492,0.103006,1,1,1,1,0,0,1,0,0,1,0.68,NULL
465236,16/03/2016 18:39:47,STOP,Bexleyheath,51.463511,0.134808,0,0,0,0,1,0,0,1,0,1,0.0,NULL
465236,16/03/2016 18:40:23,START,Bexleyheath,51.463506,0.13487,1,1,1,1,0,0,1,0,0,1,1.06,NULL
465236,16/03/2016 18:43:16,STOP,Barnehurst,51.464958,0.161315,0,0,0,0,1,0,0,1,0,1,-0.02,NULL
465236,16/03/2016 18:43:46,START,Barnehurst,51.46496,0.161386,1,1,1,1,0,0,1,0,0,1,0.31,NULL
465236,16/03/2016 18:52:56,STOP,Dartford,51.447185,0.22106,0,0,0,0,0,1,0,1,1,1,-0.02,NULL
465236,16/03/2016 19:08:01,START,Dartford,51.447199,0.221114,1,1,1,0,0,0,1,0,0,0,1.04,NULL
465236,16/03/2016 19:14:37,STOP,Barnehurst,51.464929,0.161552,0,0,0,0,0,1,0,1,0,0,-0.05,NULL
465236,16/03/2016 19:15:40,START,Barnehurst,51.464925,0.161491,1,1,1,1,0,0,1,0,0,0,0.39,NULL
465236,16/03/2016 19:18:06,STOP,Bexleyheath,51.463552,0.134496,0,0,0,0,0,1,0,1,0,0,-0.05,NULL
465236,16/03/2016 19:18:44,START,Bexleyheath,51.463489,0.134366,1,1,1,1,0,0,1,0,0,0,1.06,NULL
465236,16/03/2016 19:21:05,STOP,Welling,51.464932,0.103363,0,0,0,0,0,1,0,1,0,0,-0.02,NULL
465236,16/03/2016 19:21:42,START,Welling,51.464918,0.103271,1,1,1,1,0,0,1,0,0,0,0.73,NULL
465236,16/03/2016 19:23:42,STOP,Falconwood,51.45951,0.081337,0,0,0,0,0,1,0,1,0,0,-0.02,NULL
465236,16/03/2016 19:24:12,START,Falconwood,51.459488,0.081282,1,1,1,1,0,0,1,0,0,0,1.04,NULL
465236,16/03/2016 19:26:35,STOP,Eltham,51.455764,0.053756,0,0,0,0,0,1,0,1,0,0,-0.02,NULL
465236,16/03/2016 19:27:04,START,Eltham,51.455749,0.053711,1,1,1,1,0,0,1,0,0,0,1.06,NULL
465236,16/03/2016 19:29:40,STOP,Kidbrooke,51.461535,0.029185,0,0,0,0,0,1,0,1,0,0,-0.02,NULL
465236,16/03/2016 19:30:06,START,Kidbrooke,51.461615,0.029118,1,1,1,1,0,0,1,0,0,0,1.09,NULL
465236,16/03/2016 19:33:14,STOP,Blackheath,51.465804,0.008339,0,0,0,0,0,1,0,1,0,0,-0.02,NULL
465236,16/03/2016 19:33:46,START,Blackheath,51.465805,0.008344,1,1,1,1,0,0,1,0,0,0,1.09,NULL
465236,16/03/2016 19:36:25,STOP,Lewisham,51.4654,-0.011985,0,0,0,0,0,1,0,1,1,0,0.02,NULL
465236,16/03/2016 19:37:45,START,Lewisham,51.465323,-0.012145,1,1,1,1,0,0,1,0,0,0,0.05,NULL
465236,16/03/2016 19:43:12,STOP,Nunhead,51.466726,-0.051772,0,0,0,0,1,0,0,1,1,0,-0.02,NULL
465236,16/03/2016 19:43:45,START,Nunhead,51.46673,-0.051807,1,1,1,1,0,0,1,0,0,0,1.04,NULL
465236,16/03/2016 19:45:45,STOP,Peckham Rye,51.470282,-0.068969,0,0,0,0,0,1,0,1,0,0,-0.02,NULL
465236,16/03/2016 19:46:19,START,Peckham Rye,51.470276,-0.068979,1,1,1,1,0,0,1,0,0,0,0.36,NULL
465236,16/03/2016 19:48:41,STOP,Denmark Hill,51.468469,-0.088102,0,0,0,0,0,1,0,1,0,0,0.05,NULL
465236,16/03/2016 19:49:10,START,Denmark Hill,51.468402,-0.088152,1,1,1,1,0,0,1,0,0,0,0.68,NULL
465236,16/03/2016 19:58:57,STOP,London Victoria,51.493357,-0.145136,0,0,0,0,0,1,0,1,1,0,-0.05,NULL
465236,16/03/2016 20:08:55,START,London Victoria,51.493483,-0.144863,1,1,1,0,0,0,1,0,0,1,0.65,NULL
465236,16/03/2016 20:19:54,STOP,Denmark Hill,51.468453,-0.088309,0,0,0,0,1,0,0,1,0,1,-0.02,NULL
465236,16/03/2016 20:20:28,START,Denmark Hill,51.468424,-0.088265,1,1,1,1,0,0,1,0,0,1,1.04,NULL
465236,16/03/2016 20:22:48,STOP,Peckham Rye,51.470288,-0.069188,0,0,0,0,1,0,0,1,0,1,-0.05,NULL
465236,16/03/2016 20:23:23,START,Peckham Rye,51.470313,-0.069163,1,1,1,1,0,0,1,0,0,1,1.04,NULL
465236,16/03/2016 20:25:32,STOP,Nunhead,51.466865,-0.052097,0,0,0,0,0,1,0,1,1,1,-0.05,NULL
465236,16/03/2016 20:26:11,START,Nunhead,51.466845,-0.052054,1,1,1,1,0,0,1,0,0,1,0.31,NULL
465236,16/03/2016 20:32:19,STOP,Lewisham,51.465305,-0.011058,0,0,0,0,1,0,0,1,0,1,-0.02,NULL
465236,16/03/2016 20:33:00,START,Lewisham,51.465274,-0.011041,1,1,1,1,0,0,1,0,0,1,0.02,NULL
465236,16/03/2016 20:35:26,STOP,Blackheath,51.465775,0.008372,0,0,0,0,1,0,0,1,0,1,-0.02,NULL
465236,16/03/2016 20:36:00,START,Blackheath,51.465772,0.008442,1,1,1,1,0,0,1,0,0,1,0.58,NULL
465236,16/03/2016 20:38:54,STOP,Kidbrooke,51.461606,0.029126,0,0,0,0,1,0,0,1,0,1,-0.02,NULL
465236,16/03/2016 20:39:26,START,Kidbrooke,51.461573,0.029184,1,1,1,1,0,0,1,0,0,1,0.7,NULL
465236,16/03/2016 20:42:14,STOP,Eltham,51.455845,0.054121,0,0,0,0,1,0,0,1,0,1,0.02,NULL
465236,16/03/2016 20:42:46,START,Eltham,51.455847,0.054194,1,1,1,1,0,0,1,0,0,1,0.39,NULL
465236,16/03/2016 20:45:05,STOP,Falconwood,51.459381,0.080452,0,0,0,0,1,0,0,1,0,1,-0.02,NULL
465236,16/03/2016 20:45:40,START,Falconwood,51.459383,0.08054,1,1,1,1,0,0,1,0,0,1,1.43,NULL
465236,16/03/2016 20:47:46,STOP,Welling,51.464919,0.102955,0,0,0,0,1,0,0,1,0,1,0.1,NULL
465236,16/03/2016 20:48:15,START,Welling,51.464945,0.103022,1,1,1,1,0,0,1,0,0,1,0.8,NULL
465236,16/03/2016 20:50:54,STOP,Bexleyheath,51.463555,0.13477,0,0,0,0,1,0,0,1,0,1,-0.07,NULL
465236,16/03/2016 20:51:29,START,Bexleyheath,51.463547,0.134885,1,1,1,1,0,0,1,0,0,1,1.45,NULL
465236,16/03/2016 20:54:18,STOP,Barnehurst,51.464963,0.161342,0,0,0,0,1,0,0,1,0,1,-0.02,NULL
465236,16/03/2016 20:54:46,START,Barnehurst,51.464961,0.161393,1,1,1,1,0,0,1,0,0,1,1.06,NULL
465236,16/03/2016 21:01:20,STOP,Dartford,51.447325,0.219993,0,0,0,0,1,0,0,1,1,1,-0.02,NULL
465236,16/03/2016 21:08:11,START,Dartford,51.44731,0.22008,1,0,0,0,0,0,1,0,0,0,0.7,NULL
465236,16/03/2016 21:17:24,STOP,Barnehurst,51.464919,0.161581,0,0,0,0,0,1,0,0,1,0,-0.05,NULL
465236,16/03/2016 21:17:45,START,Barnehurst,51.464912,0.161548,1,1,1,1,0,0,1,0,0,0,0.36,NULL
465236,16/03/2016 21:20:05,STOP,Bexleyheath,51.463551,0.134414,0,0,0,0,0,1,0,1,0,0,-0.02,NULL
465236,16/03/2016 21:20:23,START,Bexleyheath,51.463537,0.134367,1,1,1,1,0,0,1,0,0,0,0.02,NULL
465236,16/03/2016 21:22:44,STOP,Welling,51.464942,0.103321,0,0,0,0,0,1,0,0,1,0,-0.05,NULL
465236,16/03/2016 21:23:06,START,Welling,51.464938,0.103273,1,1,1,1,0,0,1,0,0,0,1.06,NULL
465236,16/03/2016 21:25:07,STOP,Falconwood,51.459523,0.081307,0,0,0,0,0,1,0,0,1,0,0.0,NULL
465236,16/03/2016 21:25:27,START,Falconwood,51.459511,0.08128,1,1,1,1,0,0,1,0,0,0,0.02,NULL
465236,16/03/2016 21:27:46,STOP,Eltham,51.455788,0.053753,0,0,0,0,0,1,0,0,1,0,-0.02,NULL
465236,16/03/2016 21:28:06,START,Eltham,51.455769,0.053733,1,1,1,1,0,0,1,0,0,0,0.7,NULL
465236,16/03/2016 21:30:35,STOP,Kidbrooke,51.461542,0.029141,0,0,0,0,0,1,0,0,1,0,-0.02,NULL
465236,16/03/2016 21:30:54,START,Kidbrooke,51.461602,0.029079,1,1,1,1,0,0,1,0,0,0,0.63,NULL
465236,16/03/2016 21:34:10,STOP,Blackheath,51.465866,0.008361,0,0,0,0,0,1,0,0,1,0,-0.02,NULL
465236,16/03/2016 21:34:48,START,Blackheath,51.465833,0.008316,1,1,1,0,0,0,1,0,0,0,0.1,NULL
465236,16/03/2016 21:37:39,STOP,Lewisham,51.465374,-0.011958,0,0,0,0,0,1,0,1,1,0,-0.02,NULL
465236,16/03/2016 21:39:00,START,Lewisham,51.465309,-0.012016,1,1,1,0,0,0,1,0,0,0,0.7,NULL
465236,16/03/2016 21:44:22,STOP,Nunhead,51.466739,-0.051782,0,0,0,0,1,0,0,1,1,0,-0.05,NULL
465236,16/03/2016 21:44:59,START,Nunhead,51.466725,-0.051826,1,1,1,1,0,0,1,0,0,0,0.65,NULL
465236,16/03/2016 21:46:57,STOP,Peckham Rye,51.470274,-0.068951,0,0,0,0,0,1,0,0,1,0,0.02,NULL
465236,16/03/2016 21:47:20,START,Peckham Rye,51.470298,-0.06897,1,1,1,1,0,0,1,0,0,0,0.36,NULL
465236,16/03/2016 21:49:40,STOP,Denmark Hill,51.468497,-0.08812,0,0,0,0,0,1,0,0,1,0,-0.02,NULL
465236,16/03/2016 21:50:03,START,Denmark Hill,51.468572,-0.088217,1,1,1,1,0,0,1,0,0,0,1.02,NULL
465236,16/03/2016 21:59:02,STOP,London Victoria,51.493738,-0.144995,0,0,0,0,0,0,0,1,1,0,0.0,NULL
465236,16/03/2016 22:09:04,START,London Victoria,51.494009,-0.144196,1,1,1,0,0,0,1,0,0,1,0.27,NULL
465236,16/03/2016 22:18:11,STOP,Denmark Hill,51.468432,-0.088334,0,0,0,0,1,0,0,1,0,1,-0.05,NULL
465236,16/03/2016 22:18:42,START,Denmark Hill,51.468476,-0.088339,1,1,1,1,0,0,1,0,0,1,0.31,NULL
465236,16/03/2016 22:20:59,STOP,Peckham Rye,51.470288,-0.069223,0,0,0,0,1,0,0,0,1,1,-0.02,NULL
465236,16/03/2016 22:21:44,START,Peckham Rye,51.470285,-0.069191,1,1,1,1,0,0,1,0,0,1,0.7,NULL
465236,16/03/2016 22:23:51,STOP,Nunhead,51.466901,-0.052077,0,0,0,0,0,1,0,1,1,1,-0.05,NULL
465236,16/03/2016 22:24:32,START,Nunhead,51.466874,-0.05205,1,1,1,1,0,0,1,0,0,1,0.41,NULL
465236,16/03/2016 22:31:29,STOP,Lewisham,51.465299,-0.011042,0,0,0,0,1,0,0,0,1,1,-0.02,NULL
465236,16/03/2016 22:32:02,START,Lewisham,51.465321,-0.010992,1,1,1,1,0,0,1,0,0,1,0.7,NULL
465236,16/03/2016 22:34:16,STOP,Blackheath,51.46577,0.008346,0,0,0,0,1,0,0,0,1,1,-0.02,NULL
465236,16/03/2016 22:34:44,START,Blackheath,51.465743,0.008361,1,1,1,1,0,0,1,0,0,1,0.1,NULL
465236,16/03/2016 22:37:47,STOP,Kidbrooke,51.461609,0.02911,0,0,0,0,1,0,0,0,1,1,-0.02,NULL
465236,16/03/2016 22:38:11,START,Kidbrooke,51.461595,0.029086,1,1,1,1,0,0,1,0,0,1,0.65,NULL
465236,16/03/2016 22:40:56,STOP,Eltham,51.455834,0.054087,0,0,0,0,1,0,0,0,1,1,-0.17,NULL
465236,16/03/2016 22:41:23,START,Eltham,51.455845,0.054121,1,1,1,1,0,0,1,0,0,1,0.41,NULL
465236,16/03/2016 22:43:41,STOP,Falconwood,51.459382,0.080484,0,0,0,0,1,0,0,0,1,1,-0.02,NULL
465236,16/03/2016 22:44:02,START,Falconwood,51.459397,0.08055,1,1,1,1,0,0,1,0,0,1,0.02,NULL
465236,16/03/2016 22:46:06,STOP,Welling,51.464926,0.102939,0,0,0,0,1,0,0,0,1,1,-0.02,NULL
465236,16/03/2016 22:46:30,START,Welling,51.464929,0.102988,1,1,1,1,0,0,1,0,0,1,0.22,NULL
465236,16/03/2016 22:48:56,STOP,Bexleyheath,51.46356,0.134786,0,0,0,0,1,0,0,0,1,1,-0.05,NULL
465236,16/03/2016 22:49:20,START,Bexleyheath,51.46355,0.134835,1,1,1,1,0,0,1,0,0,1,0.02,NULL
465236,16/03/2016 22:52:05,STOP,Barnehurst,51.46496,0.161298,0,0,0,0,1,0,0,0,1,1,-0.05,NULL
465236,16/03/2016 22:52:30,START,Barnehurst,51.464939,0.161332,1,1,1,1,0,0,1,0,0,1,0.07,NULL
465236,16/03/2016 23:00:28,STOP,Dartford,51.447332,0.219979,0,0,0,0,1,0,0,1,1,1,0.0,NULL
465236,16/03/2016 23:09:05,START,Dartford,51.447334,0.220081,1,1,0,0,0,0,1,0,0,0,0.05,NULL
465236,16/03/2016 23:18:03,STOP,Barnehurst,51.464925,0.161545,0,0,0,0,0,1,0,0,1,0,0.05,NULL
465236,16/03/2016 23:18:22,START,Barnehurst,51.464919,0.1615,1,1,1,0,0,0,1,0,0,0,0.7,NULL
465236,16/03/2016 23:20:48,STOP,Bexleyheath,51.463504,0.134416,0,0,0,0,0,1,0,0,1,0,-0.07,NULL
465236,16/03/2016 23:21:14,START,Bexleyheath,51.463505,0.134332,1,1,1,0,0,0,1,0,0,0,1.04,NULL
465236,16/03/2016 23:23:40,STOP,Welling,51.46492,0.103313,0,0,0,0,0,1,0,0,1,0,0.0,NULL
465236,16/03/2016 23:24:10,START,Welling,51.464919,0.103269,1,1,0,0,0,0,1,0,0,0,0.73,NULL
465236,16/03/2016 23:26:16,STOP,Falconwood,51.459487,0.081296,0,0,0,0,0,1,0,0,1,0,-0.02,NULL
465236,16/03/2016 23:26:37,START,Falconwood,51.459492,0.081257,1,1,1,0,0,0,1,0,0,0,0.73,NULL
465236,16/03/2016 23:29:05,STOP,Eltham,51.455762,0.053735,0,0,0,0,0,1,0,0,1,0,-0.05,NULL
465236,16/03/2016 23:29:28,START,Eltham,51.455756,0.053708,1,1,1,0,0,0,1,0,0,0,0.7,NULL
465236,16/03/2016 23:31:56,STOP,Kidbrooke,51.46154,0.029155,0,0,0,0,0,1,0,0,1,0,-0.02,NULL
465236,16/03/2016 23:32:21,START,Kidbrooke,51.461607,0.029123,1,1,1,0,0,0,1,0,0,0,0.02,NULL
465236,16/03/2016 23:35:21,STOP,Blackheath,51.465794,0.008376,0,0,0,0,0,1,0,1,0,0,-0.12,NULL
465236,16/03/2016 23:35:43,START,Blackheath,51.465808,0.008336,1,1,1,0,0,0,1,0,0,0,0.02,NULL
465236,16/03/2016 23:38:07,STOP,Lewisham,51.46541,-0.012003,0,0,0,0,0,1,0,0,1,0,-0.02,NULL
465236,16/03/2016 23:38:37,START,Lewisham,51.46539,-0.012073,1,1,0,0,0,0,1,0,0,0,0.34,NULL
465236,16/03/2016 23:43:08,STOP,Nunhead,51.466736,-0.051789,0,0,0,0,1,0,0,1,1,0,-0.02,NULL
465236,16/03/2016 23:43:41,START,Nunhead,51.466733,-0.051814,1,1,1,0,0,0,1,0,0,0,1.43,NULL
465236,16/03/2016 23:45:33,STOP,Peckham Rye,51.470287,-0.068974,0,0,0,0,0,1,0,0,1,0,-0.02,NULL
465236,16/03/2016 23:46:07,START,Peckham Rye,51.470285,-0.069011,1,1,1,0,0,0,1,0,0,0,0.05,NULL
465236,16/03/2016 23:48:24,STOP,Denmark Hill,51.468487,-0.08812,0,0,0,0,0,1,0,0,1,0,-0.02,NULL
465236,16/03/2016 23:48:54,START,Denmark Hill,51.468402,-0.088183,1,1,1,0,0,0,1,0,0,0,1.77,NULL
465236,16/03/2016 23:58:31,STOP,London Victoria,51.493701,-0.144087,0,0,0,0,0,1,0,1,1,0,-0.02,NULL
465236,17/03/2016 00:08:50,START,London Victoria,51.493637,-0.143658,1,1,1,0,0,0,1,0,0,1,0.02,NULL
465236,17/03/2016 00:20:58,STOP,Denmark Hill,51.46849,-0.088372,0,0,0,0,1,0,0,0,1,1,-0.05,NULL
465236,17/03/2016 00:21:31,START,Denmark Hill,51.468561,-0.088353,1,1,0,0,0,0,1,0,0,1,0.7,NULL
465236,17/03/2016 00:23:32,STOP,Peckham Rye,51.470299,-0.069213,0,0,0,0,1,0,0,0,1,1,-0.02,NULL
465236,17/03/2016 00:24:06,START,Peckham Rye,51.470318,-0.069186,1,1,0,0,0,0,1,0,0,1,0.02,NULL
465236,17/03/2016 00:26:16,STOP,Nunhead,51.466906,-0.052083,0,0,0,0,0,1,0,1,1,1,0.0,NULL
465236,17/03/2016 00:26:50,START,Nunhead,51.466899,-0.052058,1,1,0,0,0,0,1,0,0,1,0.1,NULL
465236,17/03/2016 00:32:16,STOP,Lewisham,51.465292,-0.011065,0,0,0,0,1,0,0,0,1,1,-0.02,NULL
465236,17/03/2016 00:32:53,START,Lewisham,51.465281,-0.011052,1,1,0,0,0,0,1,0,0,1,0.73,NULL
465236,17/03/2016 00:35:15,STOP,Blackheath,51.465776,0.008346,0,0,0,0,0,0,0,0,1,1,-0.07,NULL
465236,17/03/2016 00:35:45,START,Blackheath,51.465786,0.008401,1,1,0,0,0,0,1,0,0,1,0.73,NULL
465236,17/03/2016 00:38:44,STOP,Kidbrooke,51.461601,0.029103,0,0,0,0,1,0,0,0,1,1,-0.1,NULL
465236,17/03/2016 00:39:11,START,Kidbrooke,51.46156,0.029061,1,1,1,0,0,0,1,0,0,1,1.38,NULL
465236,17/03/2016 00:41:44,STOP,Eltham,51.455857,0.054104,0,0,0,0,1,0,0,0,1,1,-0.05,NULL
465236,17/03/2016 00:42:14,START,Eltham,51.455874,0.054143,1,1,0,0,0,0,1,0,0,1,1.02,NULL
465236,17/03/2016 00:44:36,STOP,Falconwood,51.459413,0.080503,0,0,0,0,1,0,0,0,1,1,-0.05,NULL
465236,17/03/2016 00:45:02,START,Falconwood,51.459437,0.080577,1,1,0,0,0,0,1,0,0,1,0.65,NULL
465236,17/03/2016 00:47:07,STOP,Welling,51.464929,0.102954,0,0,0,0,1,0,0,0,1,1,-0.02,NULL
465236,17/03/2016 00:47:40,START,Welling,51.464956,0.103017,1,1,1,0,0,0,1,0,0,1,1.43,NULL
465236,17/03/2016 00:50:04,STOP,Bexleyheath,51.463554,0.13478,0,0,0,0,1,0,0,0,1,1,-0.05,NULL
465236,17/03/2016 00:50:32,START,Bexleyheath,51.463572,0.134822,1,1,0,0,0,0,1,0,0,1,1.04,NULL
465236,17/03/2016 00:53:26,STOP,Barnehurst,51.464948,0.161262,0,0,0,0,1,0,0,0,1,1,-0.02,NULL
465236,17/03/2016 00:53:58,START,Barnehurst,51.464969,0.161322,1,1,0,0,0,0,1,0,0,1,0.92,NULL
465236,17/03/2016 01:02:01,STOP,Dartford,51.447342,0.219991,0,0,0,0,1,0,0,1,1,1,-0.07,NULL
465236,17/03/2016 01:07:37,START,Dartford,51.447335,0.220066,1,1,1,0,0,0,1,0,0,0,1.04,NULL
465236,17/03/2016 01:18:08,STOP,Slade Green Depot,51.462613,0.195245,0,0,0,0,0,0,1,1,1,0,0.65,NULL
465236,17/03/2016 05:21:02,START,Slade Green Depot,51.462658,0.195229,1,1,0,0,0,0,1,0,0,1,0.73,NULL
465236,17/03/2016 05:22:23,STOP,Slade Green Depot,51.461427,0.196078,0,0,0,0,0,0,1,1,1,1,0.31,NULL
465236,17/03/2016 05:24:01,START,Slade Green Depot,51.461324,0.196016,1,0,0,0,0,0,1,0,0,1,0.34,NULL
465236,17/03/2016 05:24:02,STOP,Slade Green Depot,51.461324,0.196016,1,0,0,0,0,0,1,0,0,1,-0.07,NULL
465236,17/03/2016 05:24:10,START,Slade Green Depot,51.46132,0.196017,1,1,0,0,0,0,1,0,0,1,0.34,NULL
465236,17/03/2016 06:03:12,STOP,Maidstone West,51.269655,0.515754,0,0,0,0,0,0,0,1,1,0,-0.02,NULL
465236,17/03/2016 06:09:19,START,Maidstone West,51.269637,0.515775,1,1,1,0,0,0,1,0,0,0,0.6,NULL
465236,17/03/2016 06:34:43,STOP,Strood,51.396949,0.500809,0,0,0,0,0,1,0,0,1,0,-0.02,NULL
465236,17/03/2016 06:36:06,START,Strood,51.396973,0.500862,1,1,1,1,0,0,1,0,0,0,0.02,NULL
465236,17/03/2016 06:40:27,STOP,Higham,51.426022,0.467271,0,0,0,0,0,1,0,0,1,0,-0.02,NULL
465236,17/03/2016 06:40:51,START,Higham,51.426034,0.467273,1,1,1,1,0,0,1,0,0,0,0.34,NULL
465236,17/03/2016 06:47:03,STOP,Gravesend,51.44137,0.367159,0,0,0,0,0,1,0,0,1,0,-0.02,NULL
465236,17/03/2016 06:48:55,START,Gravesend,51.441372,0.367153,1,1,1,0,0,0,1,0,0,0,1.04,NULL
465236,17/03/2016 06:54:10,STOP,Greenhithe,51.450335,0.280988,0,0,0,0,0,1,0,1,1,0,-0.05,NULL
465236,17/03/2016 06:54:57,START,Greenhithe,51.450312,0.280937,1,1,1,1,0,0,1,0,0,0,0.63,NULL
465236,17/03/2016 06:56:34,STOP,Stone Crossing,51.451421,0.264086,0,0,0,0,0,1,0,1,1,0,-0.02,NULL
465236,17/03/2016 06:57:01,START,Stone Crossing,51.451435,0.264044,1,1,1,1,0,0,1,0,0,0,1.04,NULL
465236,17/03/2016 07:00:51,STOP,Dartford,51.447196,0.221112,0,0,0,0,0,1,0,1,1,0,-0.05,NULL
465236,17/03/2016 07:02:07,START,Dartford,51.447202,0.221078,1,1,0,0,0,0,1,0,0,0,0.05,NULL
465236,17/03/2016 07:10:21,STOP,Abbey Wood,51.490894,0.120176,0,0,0,0,1,0,0,0,1,0,-0.02,NULL
465236,17/03/2016 07:12:12,START,Abbey Wood,51.490865,0.120037,1,1,1,1,0,0,1,0,0,0,0.05,NULL
465236,17/03/2016 07:15:42,STOP,Woolwich Arsenal,51.489456,0.071294,0,0,0,0,0,1,0,0,1,0,0.07,NULL
465236,17/03/2016 07:16:59,START,Woolwich Arsenal,51.489448,0.07123,1,1,1,0,0,0,1,0,0,0,1.45,NULL
465236,17/03/2016 07:21:19,STOP,Charlton,51.486825,0.031288,0,0,0,0,0,1,0,0,1,0,-0.02,NULL
465236,17/03/2016 07:22:11,START,Charlton,51.486807,0.031251,1,1,1,1,0,0,1,0,0,0,0.31,NULL
465236,17/03/2016 07:26:53,STOP,Greenwich,51.478299,-0.013397,0,0,0,0,0,0,0,0,1,0,-0.17,NULL
465236,17/03/2016 07:28:03,START,Greenwich,51.478341,-0.013375,1,1,1,1,0,0,1,0,0,0,0.02,NULL
465236,17/03/2016 07:38:56,STOP,London Bridge,51.503884,-0.083371,0,0,0,0,0,1,0,1,1,0,-0.05,NULL
465236,17/03/2016 07:41:26,START,London Bridge,51.50351,-0.083408,1,1,1,1,0,0,1,0,0,0,1.02,NULL
465236,17/03/2016 07:44:40,STOP,London Cannon Street,51.509343,-0.091513,0,0,0,0,1,0,0,1,1,0,-0.02,NULL
465236,17/03/2016 07:50:32,START,London Cannon Street,51.508969,-0.091308,1,1,1,1,0,0,1,0,0,1,0.36,NULL
465236,17/03/2016 07:54:43,STOP,London Bridge,51.50409,-0.083222,0,0,0,0,0,1,0,0,1,1,-0.05,NULL
465236,17/03/2016 07:56:08,START,London Bridge,51.503937,-0.082294,1,1,1,1,0,0,1,0,0,1,0.02,NULL
465236,17/03/2016 08:01:30,STOP,New Cross,51.476207,-0.032343,0,0,0,0,1,0,0,0,1,1,-0.05,NULL
465236,17/03/2016 08:02:03,START,New Cross,51.476133,-0.03236,1,1,1,1,0,0,1,0,0,1,0.73,NULL
465236,17/03/2016 08:05:14,STOP,Lewisham,51.464759,-0.013349,0,0,0,0,1,0,0,0,1,1,0.02,NULL
465236,17/03/2016 08:06:05,START,Lewisham,51.46464,-0.013477,1,1,1,1,0,0,1,0,0,1,1.4,NULL
465236,17/03/2016 08:09:34,STOP,Hither Green,51.450882,1.05E-4,0,0,0,0,1,0,0,1,0,1,-0.02,NULL
465236,17/03/2016 08:10:11,START,Hither Green,51.450842,1.58E-4,1,1,1,1,0,0,1,0,0,1,0.31,NULL
465236,17/03/2016 08:13:03,STOP,Grove Park,51.429882,0.02374,0,0,0,0,0,1,0,0,1,1,-0.02,NULL
465236,17/03/2016 08:14:10,START,Grove Park,51.429837,0.023778,1,1,1,1,0,0,1,0,0,1,0.02,NULL
465236,17/03/2016 08:16:31,STOP,Elmstead Woods,51.416404,0.045165,0,0,0,0,1,0,0,0,1,1,-0.02,NULL
465236,17/03/2016 08:17:16,START,Elmstead Woods,51.416409,0.045213,1,1,1,1,0,0,1,0,0,1,0.39,NULL
465236,17/03/2016 08:19:26,STOP,Chislehurst,51.40494,0.058192,0,0,0,0,1,0,0,0,1,1,-0.02,NULL
465236,17/03/2016 08:20:10,START,Chislehurst,51.404927,0.058254,1,1,1,1,0,0,1,0,0,1,0.68,NULL
465236,17/03/2016 08:23:26,STOP,Petts Wood,51.387614,0.07559,0,0,0,0,0,1,0,1,1,1,0.05,NULL
465236,17/03/2016 08:24:18,START,Petts Wood,51.387581,0.075615,1,1,1,1,0,0,1,0,0,1,0.36,NULL
465236,17/03/2016 08:29:47,STOP,Orpington,51.373506,0.089165,0,0,0,0,1,0,0,1,1,1,-0.02,NULL
465236,17/03/2016 08:42:58,START,Orpington,51.373471,0.089145,1,1,1,1,0,0,1,0,0,0,0.02,NULL
465236,17/03/2016 08:46:04,STOP,Petts Wood,51.387463,0.075572,0,0,0,0,1,0,0,0,1,0,-0.02,NULL
465236,17/03/2016 08:46:40,START,Petts Wood,51.387485,0.075559,1,1,1,1,0,0,1,0,0,0,0.7,NULL
465236,17/03/2016 08:49:30,STOP,Chislehurst,51.404991,0.058055,0,0,0,0,0,1,0,0,1,0,-0.02,NULL
465236,17/03/2016 08:50:05,START,Chislehurst,51.405007,0.057993,1,1,1,1,0,0,1,0,0,0,0.02,NULL
465236,17/03/2016 08:51:53,STOP,Elmstead Woods,51.41655,0.044956,0,0,0,0,0,1,0,0,1,0,-0.05,NULL
465236,17/03/2016 08:52:28,START,Elmstead Woods,51.41657,0.044942,1,1,1,1,0,0,1,0,0,0,1.06,NULL
465236,17/03/2016 08:54:36,STOP,Grove Park,51.429734,0.023737,0,0,0,0,1,0,0,0,1,0,-0.05,NULL
465236,17/03/2016 08:56:03,START,Grove Park,51.429768,0.023683,1,1,1,1,0,0,1,0,0,0,0.02,NULL
465236,17/03/2016 08:59:51,STOP,Hither Green,51.450779,2.06E-4,0,0,0,0,0,1,0,0,1,0,0.0,NULL
465236,17/03/2016 09:00:23,START,Hither Green,51.450804,1.61E-4,1,1,1,1,0,0,1,0,0,0,1.04,NULL
465236,17/03/2016 09:04:06,STOP,Lewisham,51.464523,-0.013214,0,0,0,0,0,1,0,1,1,0,-0.1,NULL
465236,17/03/2016 09:05:23,START,Lewisham,51.464525,-0.013201,1,1,1,1,0,0,1,0,0,0,0.7,NULL
465236,17/03/2016 09:07:01,STOP,St John,51.468568,-0.020924,0,0,0,0,0,0,0,1,1,0,-0.05,NULL
465236,17/03/2016 09:07:54,START,St John,51.468581,-0.021045,1,1,1,1,0,0,1,0,0,0,0.02,NULL
465236,17/03/2016 09:10:09,STOP,New Cross,51.476752,-0.032753,0,0,0,0,0,1,0,0,1,0,-0.02,NULL
465236,17/03/2016 09:10:50,START,New Cross,51.476766,-0.032753,1,1,1,1,0,0,1,0,0,0,0.02,NULL
465236,17/03/2016 09:23:14,STOP,London Bridge,51.503843,-0.0834,0,0,0,0,0,1,0,1,1,0,-0.07,NULL
465236,17/03/2016 09:25:22,START,London Bridge,51.503882,-0.083416,1,1,1,1,0,0,1,0,0,0,0.7,NULL
465236,17/03/2016 09:29:01,STOP,London Cannon Street,51.509279,-0.091177,0,0,0,0,0,1,0,1,1,0,-0.02,NULL
465236,17/03/2016 09:34:56,START,London Cannon Street,51.509115,-0.090636,1,1,1,1,0,0,1,0,0,1,1.43,NULL
465236,17/03/2016 09:38:35,STOP,London Bridge,51.504265,-0.083395,0,0,0,0,0,1,0,0,1,1,-0.05,NULL
465236,17/03/2016 09:39:25,START,London Bridge,51.504487,-0.083098,1,1,1,1,0,0,1,0,0,1,0.97,NULL
465236,17/03/2016 09:45:15,STOP,New Cross,51.476208,-0.032321,0,0,0,0,1,0,0,0,1,1,0.0,NULL
465236,17/03/2016 09:45:52,START,New Cross,51.476147,-0.032298,1,1,1,1,0,0,1,0,0,1,0.02,NULL
465236,17/03/2016 09:47:41,STOP,St John,51.468615,-0.020972,0,0,0,0,0,1,0,0,1,1,0.0,NULL
465236,17/03/2016 09:48:24,START,St John,51.468642,-0.020945,1,1,1,1,0,0,1,0,0,1,0.65,NULL
465236,17/03/2016 09:49:54,STOP,Lewisham,51.464757,-0.013319,0,0,0,0,1,0,0,0,1,1,-0.02,NULL
465236,17/03/2016 09:50:26,START,Lewisham,51.464702,-0.013175,1,1,1,1,0,0,1,0,0,1,0.73,NULL
465236,17/03/2016 09:52:39,STOP,Ladywell,51.455255,-0.019728,0,0,0,0,1,0,0,0,1,1,-0.02,NULL
465236,17/03/2016 09:53:15,START,Ladywell,51.455225,-0.019739,1,1,1,1,0,0,1,0,0,1,0.34,NULL
465236,17/03/2016 09:54:50,STOP,Catford / Catford Bridge,51.444636,-0.02486,0,0,0,0,1,0,0,0,1,1,-0.02,NULL
465236,17/03/2016 09:55:25,START,Catford / Catford Bridge,51.444623,-0.02488,1,1,1,1,0,0,1,0,0,1,1.79,NULL
465236,17/03/2016 09:57:45,STOP,Lower Sydenham,51.424516,-0.033351,0,0,0,0,1,0,0,0,1,1,-0.05,NULL
465236,17/03/2016 09:58:13,START,Lower Sydenham,51.424471,-0.033347,1,1,1,1,0,0,1,0,0,1,0.73,NULL
465236,17/03/2016 09:59:33,STOP,New Beckenham,51.416432,-0.035201,0,0,0,0,1,0,0,0,1,1,-0.02,NULL
465236,17/03/2016 10:00:10,START,New Beckenham,51.416393,-0.035197,1,1,1,1,0,0,1,0,0,1,1.09,NULL
465236,17/03/2016 10:02:00,STOP,Clock House,51.407583,-0.041589,0,0,0,0,1,0,0,0,1,1,-0.07,NULL
465236,17/03/2016 10:02:33,START,Clock House,51.407538,-0.041609,1,1,1,1,0,0,1,0,0,1,1.06,NULL
465236,17/03/2016 10:04:28,STOP,Elmers End,51.397548,-0.050271,0,0,0,0,1,0,0,0,1,1,0.0,NULL
465236,17/03/2016 10:05:06,START,Elmers End,51.39752,-0.050288,1,1,1,1,0,0,1,0,0,1,0.02,NULL
465236,17/03/2016 10:08:22,STOP,Eden Park,51.390086,-0.026213,0,0,0,0,1,0,0,0,1,1,-0.02,NULL
465236,17/03/2016 10:08:51,START,Eden Park,51.390036,-0.026175,1,1,1,1,0,0,1,0,0,1,0.07,NULL
465236,17/03/2016 10:10:34,STOP,West Wickham,51.381241,-0.014204,0,0,0,0,1,0,0,1,0,1,-0.02,NULL
465236,17/03/2016 10:11:06,START,West Wickham,51.381217,-0.01416,1,1,1,1,0,0,1,0,0,1,1.43,NULL
465236,17/03/2016 10:14:09,STOP,Hayes,51.376512,0.010108,0,0,0,0,0,1,0,1,1,1,0.02,NULL
465236,17/03/2016 10:20:06,START,Hayes,51.376595,0.010194,1,1,1,0,0,0,1,0,0,0,0.05,NULL
465236,17/03/2016 10:23:14,STOP,West Wickham,51.380769,-0.01321,0,0,0,0,0,1,0,0,1,0,-0.05,NULL
465236,17/03/2016 10:23:49,START,West Wickham,51.380831,-0.013391,1,1,1,1,0,0,1,0,0,0,0.34,NULL
465236,17/03/2016 10:25:26,STOP,Eden Park,51.389528,-0.025601,0,0,0,0,0,1,0,0,1,0,-0.02,NULL
465236,17/03/2016 10:25:56,START,Eden Park,51.389563,-0.025649,1,1,1,1,0,0,1,0,0,0,0.68,NULL
465236,17/03/2016 10:29:11,STOP,Elmers End,51.397353,-0.050397,0,0,0,0,0,1,0,1,0,0,0.1,NULL
465236,17/03/2016 10:29:59,START,Elmers End,51.397389,-0.050413,1,1,1,1,0,0,1,0,0,0,1.77,NULL
465236,17/03/2016 10:31:35,STOP,Clock House,51.407349,-0.041786,0,0,0,0,0,1,0,0,1,0,-0.02,NULL
465236,17/03/2016 10:32:10,START,Clock House,51.407412,-0.04175,1,1,1,1,0,0,1,0,0,0,0.34,NULL
465236,17/03/2016 10:33:54,STOP,New Beckenham,51.416367,-0.035275,0,0,0,0,0,1,0,0,1,0,-0.02,NULL
465236,17/03/2016 10:34:29,START,New Beckenham,51.416398,-0.035282,1,1,1,1,0,0,1,0,0,0,1.02,NULL
465236,17/03/2016 10:35:42,STOP,Lower Sydenham,51.423964,-0.033476,0,0,0,0,0,1,0,0,1,0,-0.02,NULL
465236,17/03/2016 10:36:18,START,Lower Sydenham,51.424003,-0.033485,1,1,1,1,0,0,1,0,0,0,1.4,NULL
465236,17/03/2016 10:38:31,STOP,Catford / Catford Bridge,51.444493,-0.024944,0,0,0,0,0,1,0,0,1,0,-0.02,NULL
465236,17/03/2016 10:39:06,START,Catford / Catford Bridge,51.444587,-0.024874,1,1,1,1,0,0,1,0,0,0,0.73,NULL
465236,17/03/2016 10:40:44,STOP,Ladywell,51.455033,-0.019882,0,0,0,0,0,1,0,1,1,0,0.02,NULL
465236,17/03/2016 10:41:25,START,Ladywell,51.455142,-0.019855,1,1,1,1,0,0,1,0,0,0,0.05,NULL
465236,17/03/2016 10:45:53,STOP,Lewisham,51.464523,-0.013253,0,0,0,0,0,1,0,1,1,0,-0.1,NULL
465236,17/03/2016 10:47:51,START,Lewisham,51.464569,-0.013203,1,1,1,1,0,0,1,0,0,0,0.02,NULL
465236,17/03/2016 10:49:39,STOP,St John,51.46856,-0.020941,0,0,0,0,1,0,0,1,1,0,-0.02,NULL
465236,17/03/2016 10:50:17,START,St John,51.468563,-0.020974,1,1,1,1,0,0,1,0,0,0,0.68,NULL
465236,17/03/2016 10:51:52,STOP,New Cross,51.475956,-0.032307,0,0,0,0,0,1,0,0,1,0,0.24,NULL
465236,17/03/2016 10:52:22,START,New Cross,51.476049,-0.032224,1,1,1,1,0,0,1,0,0,0,0.36,NULL
465236,17/03/2016 10:58:06,STOP,London Bridge,51.503893,-0.083343,0,0,0,0,0,1,0,1,1,0,-0.02,NULL
465236,17/03/2016 10:59:19,START,London Bridge,51.503893,-0.083373,1,1,1,1,0,0,1,0,0,0,1.06,NULL
465236,17/03/2016 11:04:42,STOP,London Cannon Street,51.509051,-0.091292,0,0,0,0,0,1,0,1,1,0,-0.02,NULL
465236,17/03/2016 11:10:00,START,London Cannon Street,51.507338,-0.092748,1,1,0,0,0,0,1,0,0,1,0.68,NULL
465236,17/03/2016 11:14:50,STOP,London Bridge,51.50413,-0.083506,0,0,0,0,0,1,0,1,1,1,-0.02,NULL
465236,17/03/2016 11:15:41,START,London Bridge,51.504127,-0.083315,1,1,0,0,0,0,1,0,0,1,0.65,NULL
465236,17/03/2016 11:21:00,STOP,New Cross,51.476195,-0.032309,0,0,0,0,1,0,0,1,0,1,-0.02,NULL
465236,17/03/2016 11:21:24,START,New Cross,51.476159,-0.032341,1,1,0,0,0,0,1,0,0,1,0.02,NULL
465236,17/03/2016 11:23:32,STOP,St John,51.468624,-0.02096,0,0,0,0,0,1,0,1,1,1,0.02,NULL
465236,17/03/2016 11:24:22,START,St John,51.468588,-0.020953,1,1,0,0,0,0,1,0,0,1,1.04,NULL
465236,17/03/2016 11:27:57,STOP,Lewisham,51.464763,-0.013306,0,0,0,0,1,0,0,1,0,1,-0.02,NULL
465236,17/03/2016 11:28:19,START,Lewisham,51.464692,-0.013317,1,1,0,0,0,0,1,0,0,1,1.06,NULL
465236,17/03/2016 11:31:58,STOP,Hither Green,51.45138,0.001093,0,0,0,0,1,0,1,0,1,1,-0.02,NULL
465236,17/03/2016 11:32:23,START,Hither Green,51.451374,0.001118,1,1,1,0,0,0,1,0,0,1,0.02,NULL
465236,17/03/2016 11:33:49,STOP,Lee,51.449617,0.015192,0,0,0,0,1,0,0,0,1,1,0.02,NULL
465236,17/03/2016 11:34:07,START,Lee,51.449614,0.015215,1,0,0,0,0,0,1,0,0,1,0.07,NULL
465236,17/03/2016 11:36:53,STOP,Mottingham,51.440179,0.050976,0,0,0,0,1,0,0,1,0,1,0.0,NULL
465236,17/03/2016 11:37:12,START,Mottingham,51.440176,0.051007,1,1,0,0,0,0,1,0,0,1,0.05,NULL
465236,17/03/2016 11:39:03,STOP,New Eltham,51.437981,0.07137,0,0,0,0,1,0,0,1,0,1,0.0,NULL
465236,17/03/2016 11:39:24,START,New Eltham,51.437976,0.071432,1,1,1,0,0,0,1,0,0,1,0.34,NULL
465236,17/03/2016 11:41:49,STOP,Sidcup,51.433942,0.105747,0,0,0,0,1,0,0,1,0,1,-0.02,NULL
465236,17/03/2016 11:42:15,START,Sidcup,51.433974,0.105816,1,1,1,0,0,0,1,0,0,1,1.04,NULL
465236,17/03/2016 11:44:03,STOP,Albany Park,51.435413,0.126521,0,0,0,0,1,0,0,1,0,1,-0.05,NULL
465236,17/03/2016 11:44:26,START,Albany Park,51.435479,0.126613,1,1,0,0,0,0,1,0,0,1,1.09,NULL
465236,17/03/2016 11:46:12,STOP,Bexley,51.440327,0.148236,0,0,0,0,1,0,0,1,0,1,-0.12,NULL
465236,17/03/2016 11:46:35,START,Bexley,51.440347,0.14829,1,1,0,0,0,0,1,0,0,1,0.68,NULL
465236,17/03/2016 11:49:02,STOP,Crayford,51.448442,0.179545,0,0,0,0,1,0,0,1,0,1,-0.02,NULL
465236,17/03/2016 11:49:28,START,Crayford,51.448458,0.179603,1,1,1,1,0,0,1,0,0,1,1.43,NULL
465236,17/03/2016 11:54:30,STOP,Slade Green,51.468953,0.189192,0,0,0,0,1,0,0,1,0,1,-0.1,NULL
465236,17/03/2016 11:54:54,START,Slade Green,51.468979,0.189156,1,1,1,1,0,0,1,0,0,1,1.14,NULL
465236,17/03/2016 11:56:57,STOP,Erith,51.482779,0.173629,0,0,0,0,1,0,0,1,0,1,0.0,NULL
465236,17/03/2016 11:57:45,START,Erith,51.482824,0.17352,1,1,1,0,0,0,1,0,0,1,0.07,NULL
465236,17/03/2016 11:59:55,STOP,Belvedere,51.492157,0.151776,0,0,0,0,1,0,0,1,0,1,-0.07,NULL
465236,17/03/2016 12:00:17,START,Belvedere,51.492156,0.151743,1,1,0,0,0,0,1,0,0,1,0.68,NULL
465236,17/03/2016 12:02:48,STOP,Abbey Wood,51.490881,0.117973,0,0,0,0,0,1,0,1,1,1,-0.02,NULL
465236,17/03/2016 12:03:16,START,Abbey Wood,51.49087,0.117918,1,1,0,0,0,0,1,0,0,1,0.02,NULL
465236,17/03/2016 12:05:44,STOP,Plumstead,51.489719,0.082853,0,0,0,0,1,0,0,1,0,1,-0.02,NULL
465236,17/03/2016 12:06:08,START,Plumstead,51.489691,0.082789,1,1,1,1,0,0,1,0,0,1,0.34,NULL
465236,17/03/2016 12:07:56,STOP,Woolwich Arsenal,51.489923,0.069259,0,0,0,0,1,0,0,1,0,1,-0.07,NULL
465236,17/03/2016 12:08:48,START,Woolwich Arsenal,51.48987,0.069216,1,1,0,0,0,0,1,0,0,1,0.05,NULL
465236,17/03/2016 12:10:52,STOP,Woolwich Dockyard,51.491386,0.053496,0,0,0,0,1,0,0,1,0,1,-0.02,NULL
465236,17/03/2016 12:11:46,START,Woolwich Dockyard,51.491437,0.05343,1,1,0,0,0,0,1,0,0,1,0.75,NULL
465236,17/03/2016 12:14:17,STOP,Charlton,51.486461,0.029176,0,0,0,0,1,0,0,1,0,1,-0.02,NULL
465236,17/03/2016 12:14:45,START,Charlton,51.486424,0.029134,1,1,0,0,0,0,1,0,0,1,0.05,NULL
465236,17/03/2016 12:16:19,STOP,Westcombe Park,51.484084,0.01694,0,0,0,0,1,0,0,1,0,1,-0.02,NULL
465236,17/03/2016 12:16:47,START,Westcombe Park,51.484039,0.01688,1,1,1,1,0,0,1,0,0,1,0.7,NULL
465236,17/03/2016 12:18:24,STOP,Maze Hill,51.482743,0.002315,0,0,0,0,1,0,0,1,0,1,-0.05,NULL
465236,17/03/2016 12:18:48,START,Maze Hill,51.482734,0.002269,1,1,1,0,0,0,1,0,0,1,1.02,NULL
465236,17/03/2016 12:21:12,STOP,Greenwich,51.47817,-0.015576,0,0,0,0,1,0,0,1,0,1,-0.02,NULL
465236,17/03/2016 12:21:45,START,Greenwich,51.478137,-0.015582,1,1,1,0,0,0,1,0,0,1,0.02,NULL
465236,17/03/2016 12:23:25,STOP,Deptford,51.479146,-0.027163,0,0,0,0,1,0,0,1,0,1,-0.02,NULL
465236,17/03/2016 12:23:48,START,Deptford,51.479125,-0.02721,1,1,1,1,0,0,1,0,0,1,0.34,NULL
465236,17/03/2016 12:29:05,STOP,London Bridge,51.504953,-0.084672,0,0,0,0,1,0,0,1,0,1,-0.02,NULL
465236,17/03/2016 12:30:03,START,London Bridge,51.505009,-0.084715,1,1,0,0,0,0,1,0,0,1,0.73,NULL
465236,17/03/2016 12:37:34,STOP,London Cannon Street,51.509931,-0.090599,0,0,0,0,1,0,0,1,1,1,0.0,NULL
465236,17/03/2016 12:47:02,START,London Cannon Street,51.511119,-0.084023,1,1,0,0,0,0,1,0,0,0,0.68,NULL
465236,17/03/2016 12:50:11,STOP,London Bridge,51.505129,-0.084882,0,0,0,0,1,0,0,1,1,0,0.02,NULL
465236,17/03/2016 12:51:07,START,London Bridge,51.505152,-0.084807,1,1,0,0,0,0,1,0,0,0,1.04,NULL
465236,17/03/2016 12:56:35,STOP,Deptford,51.479313,-0.027538,0,0,0,0,0,1,0,1,1,0,-0.02,NULL
465236,17/03/2016 12:57:09,START,Deptford,51.47931,-0.027483,1,1,0,0,0,0,1,0,0,0,1.09,NULL
465236,17/03/2016 12:59:01,STOP,Greenwich,51.478207,-0.015837,0,0,0,0,0,1,0,1,1,0,-0.05,NULL
465236,17/03/2016 12:59:27,START,Greenwich,51.478229,-0.015804,1,1,1,0,0,0,1,0,0,0,0.02,NULL
465236,17/03/2016 13:02:10,STOP,Maze Hill,51.482706,0.003417,0,0,0,0,0,1,0,1,1,0,-0.02,NULL
465236,17/03/2016 13:02:44,START,Maze Hill,51.482714,0.003484,1,1,1,0,0,0,1,0,0,0,0.85,NULL
465236,17/03/2016 13:04:23,STOP,Westcombe Park,51.4841,0.01675,0,0,0,0,0,1,0,1,1,0,-0.05,NULL
465236,17/03/2016 13:04:49,START,Westcombe Park,51.484095,0.016799,1,1,1,0,0,0,1,0,0,0,0.68,NULL
465236,17/03/2016 13:06:38,STOP,Charlton,51.486527,0.029406,0,0,0,0,0,0,0,1,1,0,-0.02,NULL
465236,17/03/2016 13:07:02,START,Charlton,51.486552,0.029418,1,1,0,0,0,0,1,0,0,0,0.05,NULL
465236,17/03/2016 13:09:55,STOP,Woolwich Dockyard,51.491258,0.05415,0,0,0,0,0,1,0,1,1,0,-0.05,NULL
465236,17/03/2016 13:10:28,START,Woolwich Dockyard,51.491266,0.054187,1,1,1,0,0,0,1,0,0,0,0.05,NULL
465236,17/03/2016 13:12:40,STOP,Woolwich Arsenal,51.489837,0.06922,0,0,0,0,0,1,0,1,1,0,-0.07,NULL
465236,17/03/2016 13:13:15,START,Woolwich Arsenal,51.489736,0.06923,1,1,0,0,0,0,1,0,0,0,0.7,NULL
465236,17/03/2016 13:15:20,STOP,Plumstead,51.489728,0.083175,0,0,0,0,0,1,0,1,1,0,-0.02,NULL
465236,17/03/2016 13:15:48,START,Plumstead,51.489691,0.083243,1,1,0,0,0,0,1,0,0,0,0.05,NULL
465236,17/03/2016 13:18:38,STOP,Abbey Wood,51.49104,0.118656,0,0,0,0,0,1,0,1,1,0,0.0,NULL
465236,17/03/2016 13:19:03,START,Abbey Wood,51.49108,0.11869,1,1,0,0,0,0,1,0,0,0,0.02,NULL
465236,17/03/2016 13:21:34,STOP,Belvedere,51.492219,0.152105,0,0,0,0,0,1,0,1,1,0,-0.02,NULL
465236,17/03/2016 13:22:03,START,Belvedere,51.492242,0.152149,1,1,1,0,0,0,1,0,0,0,0.6,NULL
465236,17/03/2016 13:24:22,STOP,Erith,51.481925,0.174768,0,0,0,0,0,1,0,1,1,0,-0.07,NULL
465236,17/03/2016 13:24:53,START,Erith,51.481911,0.174798,1,1,1,0,0,0,1,0,0,0,0.36,NULL
465236,17/03/2016 13:27:02,STOP,Slade Green,51.468762,0.189369,0,0,0,0,0,1,0,1,1,0,-0.02,NULL
465236,17/03/2016 13:27:33,START,Slade Green,51.468732,0.189413,1,1,0,0,0,0,1,0,0,0,0.34,NULL
465236,17/03/2016 13:33:32,STOP,Crayford,51.448518,0.179818,0,0,0,0,0,1,0,1,1,0,-0.02,NULL
465236,17/03/2016 13:37:00,START,Crayford,51.448493,0.179745,1,1,0,0,0,0,1,0,0,0,0.65,NULL
465236,17/03/2016 13:39:32,STOP,Bexley,51.440446,0.148787,0,0,0,0,0,1,0,1,1,0,-0.02,NULL
465236,17/03/2016 13:39:57,START,Bexley,51.440431,0.148756,1,1,0,0,0,0,1,0,0,0,0.02,NULL
465236,17/03/2016 13:41:54,STOP,Albany Park,51.435601,0.127829,0,0,0,0,0,1,0,1,1,0,-0.02,NULL
465236,17/03/2016 13:42:23,START,Albany Park,51.435583,0.127781,1,1,1,0,0,0,1,0,0,0,1.4,NULL
465236,17/03/2016 13:44:25,STOP,Sidcup,51.433949,0.105464,0,0,0,0,0,1,0,1,1,0,-0.02,NULL
465236,17/03/2016 13:45:51,START,Sidcup,51.43395,0.105378,1,1,1,0,0,0,1,0,0,0,0.73,NULL
465236,17/03/2016 13:48:26,STOP,New Eltham,51.43798,0.071208,0,0,0,0,0,1,0,1,1,0,0.0,NULL
465236,17/03/2016 13:48:57,START,New Eltham,51.437971,0.071161,1,1,1,0,0,0,1,0,0,0,1.43,NULL
465236,17/03/2016 13:50:49,STOP,Mottingham,51.440192,0.050678,0,0,0,0,0,1,0,1,1,0,-0.02,NULL
465236,17/03/2016 13:51:23,START,Mottingham,51.4402,0.050611,1,1,0,0,0,0,1,0,0,0,0.7,NULL
465236,17/03/2016 13:54:08,STOP,Lee,51.449572,0.015395,0,0,0,0,0,0,0,1,1,0,-0.05,NULL
465236,17/03/2016 13:54:42,START,Lee,51.44957,0.015342,1,1,0,0,0,0,1,0,0,0,1.06,NULL
465236,17/03/2016 13:56:29,STOP,Hither Green,51.451339,0.001226,0,0,0,0,0,1,0,1,1,0,-0.05,NULL
465236,17/03/2016 13:57:52,START,Hither Green,51.451328,0.001144,1,1,1,0,0,0,1,0,0,0,1.06,NULL
465236,17/03/2016 14:02:39,STOP,Lewisham,51.464539,-0.013257,0,0,0,0,0,1,0,1,1,0,-0.05,NULL
465236,17/03/2016 14:04:12,START,Lewisham,51.464647,-0.013121,1,1,1,0,0,0,1,0,0,0,0.34,NULL
465236,17/03/2016 14:05:59,STOP,St John,51.468578,-0.020922,0,0,0,0,1,0,0,1,1,0,-0.05,NULL
465236,17/03/2016 14:06:21,START,St John,51.468568,-0.020943,1,1,0,0,0,0,1,0,0,0,0.02,NULL
465236,17/03/2016 14:08:25,STOP,New Cross,51.476727,-0.03271,0,0,0,0,0,1,0,1,1,0,-0.05,NULL
465236,17/03/2016 14:10:04,START,New Cross,51.476755,-0.032739,1,1,0,0,0,0,1,0,0,0,0.68,NULL
465236,17/03/2016 14:18:57,STOP,London Bridge,51.50385,-0.083325,0,0,0,0,0,1,0,1,1,0,-0.05,NULL
465236,17/03/2016 14:19:51,START,London Bridge,51.503868,-0.083372,1,1,1,0,0,0,1,0,0,0,0.68,NULL
465236,17/03/2016 14:24:48,STOP,London Cannon Street,51.509029,-0.091569,0,0,0,0,0,1,0,1,1,0,-0.02,NULL
465236,17/03/2016 14:31:24,START,London Cannon Street,51.509062,-0.091599,1,1,0,0,0,0,1,0,0,1,1.09,NULL
465236,17/03/2016 14:35:36,STOP,London Bridge,51.5037,-0.082995,0,0,0,0,0,1,0,1,1,1,-0.02,NULL
465236,17/03/2016 14:36:28,START,London Bridge,51.503706,-0.082971,1,1,0,0,0,0,1,0,0,1,0.02,NULL
465236,17/03/2016 14:41:47,STOP,New Cross,51.476186,-0.032291,0,0,0,0,1,0,0,1,1,1,0.1,NULL
465236,17/03/2016 14:42:21,START,New Cross,51.47613,-0.032317,1,1,0,0,0,0,1,0,0,1,0.02,NULL
465236,17/03/2016 14:44:02,STOP,St John,51.468614,-0.02095,0,0,0,0,0,1,0,1,1,1,-0.02,NULL
465236,17/03/2016 14:44:30,START,St John,51.46863,-0.020899,1,1,0,0,0,0,1,0,0,1,0.05,NULL
465236,17/03/2016 14:46:13,STOP,Lewisham,51.464058,-0.013012,0,0,0,0,1,0,0,1,1,1,0.0,NULL
465236,17/03/2016 14:46:49,START,Lewisham,51.464173,-0.013064,1,1,0,0,0,0,1,0,0,1,0.1,NULL
465236,17/03/2016 14:48:59,STOP,Ladywell,51.454642,-0.020182,0,0,0,0,1,0,0,1,1,1,-0.02,NULL
465236,17/03/2016 14:49:30,START,Ladywell,51.454605,-0.020272,1,1,0,0,0,0,1,0,0,1,0.36,NULL
465236,17/03/2016 14:51:02,STOP,Catford / Catford Bridge,51.444648,-0.024871,0,0,0,0,1,0,0,1,1,1,-0.02,NULL
465236,17/03/2016 14:51:31,START,Catford / Catford Bridge,51.444634,-0.024947,1,1,1,1,0,0,1,0,0,1,0.34,NULL
465236,17/03/2016 14:53:56,STOP,Lower Sydenham,51.423894,-0.033462,0,0,0,0,1,0,0,1,1,1,-0.05,NULL
465236,17/03/2016 14:54:20,START,Lower Sydenham,51.423863,-0.033457,1,1,1,1,0,0,1,0,0,1,1.43,NULL
465236,17/03/2016 14:55:36,STOP,New Beckenham,51.416418,-0.035193,0,0,0,0,1,0,0,1,1,1,-0.02,NULL
465236,17/03/2016 14:55:59,START,New Beckenham,51.416377,-0.035184,1,1,1,1,0,0,1,0,0,1,0.99,NULL
465236,17/03/2016 14:57:49,STOP,Clock House,51.406921,-0.042031,0,0,0,0,1,0,0,1,1,1,-0.05,NULL
465236,17/03/2016 14:58:19,START,Clock House,51.406885,-0.042046,1,1,0,0,0,0,1,0,0,1,0.31,NULL
465236,17/03/2016 15:00:15,STOP,Elmers End,51.397247,-0.050515,0,0,0,0,1,0,0,1,1,1,-0.02,NULL
465236,17/03/2016 15:00:43,START,Elmers End,51.397222,-0.050522,1,1,0,0,0,0,1,0,0,1,0.34,NULL
465236,17/03/2016 15:03:53,STOP,Eden Park,51.389651,-0.025691,0,0,0,0,1,0,0,1,1,1,0.0,NULL
465236,17/03/2016 15:04:18,START,Eden Park,51.389629,-0.025623,1,1,0,0,0,0,1,0,0,1,1.06,NULL
465236,17/03/2016 15:06:04,STOP,West Wickham,51.38086,-0.013495,0,0,0,0,1,0,0,1,1,1,-0.02,NULL
465236,17/03/2016 15:06:28,START,West Wickham,51.380846,-0.013455,1,1,0,0,0,0,1,0,0,1,0.02,NULL
465236,17/03/2016 15:09:09,STOP,Hayes,51.376615,0.009527,0,0,0,0,0,1,0,1,1,1,-0.05,NULL
465236,17/03/2016 15:19:56,START,Hayes,51.376649,0.009656,1,1,0,0,0,0,1,0,0,0,0.7,NULL
465236,17/03/2016 15:22:38,STOP,West Wickham,51.380969,-0.013697,0,0,0,0,0,1,0,1,1,0,-0.05,NULL
465236,17/03/2016 15:23:06,START,West Wickham,51.381043,-0.013793,1,1,1,1,0,0,1,0,0,0,0.46,NULL
465236,17/03/2016 15:24:47,STOP,Eden Park,51.389764,-0.02585,0,0,0,0,0,1,0,1,1,0,-0.07,NULL
465236,17/03/2016 15:25:15,START,Eden Park,51.389835,-0.025894,1,1,0,0,0,0,1,0,0,0,0.02,NULL
465236,17/03/2016 15:28:37,STOP,Elmers End,51.397461,-0.050287,0,0,0,0,0,0,0,1,1,0,-0.02,NULL
465236,17/03/2016 15:29:02,START,Elmers End,51.397469,-0.050301,1,1,0,0,0,0,1,0,0,0,0.34,NULL
465236,17/03/2016 15:30:41,STOP,Clock House,51.407027,-0.042031,0,0,0,0,0,1,0,1,1,0,0.0,NULL
465236,17/03/2016 15:31:06,START,Clock House,51.407068,-0.042032,1,1,0,0,0,0,1,0,0,0,1.04,NULL
465236,17/03/2016 15:32:54,STOP,New Beckenham,51.41631,-0.035303,0,0,0,0,0,1,0,1,1,0,-0.22,NULL
465236,17/03/2016 15:33:19,START,New Beckenham,51.416345,-0.035299,1,1,1,1,0,0,1,0,0,0,1.43,NULL
465236,17/03/2016 15:34:34,STOP,Lower Sydenham,51.423953,-0.033487,0,0,0,0,0,1,0,1,1,0,-0.07,NULL
465236,17/03/2016 15:35:04,START,Lower Sydenham,51.423979,-0.033457,1,1,0,0,0,0,1,0,0,0,0.73,NULL
465236,17/03/2016 15:37:28,STOP,Catford / Catford Bridge,51.444702,-0.024913,0,0,0,0,0,1,0,1,1,0,0.02,NULL
465236,17/03/2016 15:37:56,START,Catford / Catford Bridge,51.444751,-0.02488,1,1,0,0,0,0,1,0,0,0,0.7,NULL
465236,17/03/2016 15:39:36,STOP,Ladywell,51.454748,-0.02012,0,0,0,0,0,1,0,1,1,0,-0.02,NULL
465236,17/03/2016 15:40:03,START,Ladywell,51.454807,-0.020106,1,1,0,0,0,0,1,0,0,0,0.05,NULL
465236,17/03/2016 15:42:12,STOP,Lewisham,51.464152,-0.013081,0,0,0,0,0,1,0,1,1,0,0.02,NULL
465236,17/03/2016 15:44:44,START,Lewisham,51.464255,-0.012807,1,1,1,1,0,0,1,0,0,0,0.22,NULL
465236,17/03/2016 15:46:54,STOP,St John,51.468729,-0.021359,0,0,0,0,1,0,0,1,1,0,-0.02,NULL
465236,17/03/2016 15:47:21,START,St John,51.468754,-0.021339,1,1,1,1,0,0,1,0,0,0,0.7,NULL
465236,17/03/2016 15:48:58,STOP,New Cross,51.476352,-0.03246,0,0,0,0,0,1,0,1,1,0,0.02,NULL
465236,17/03/2016 15:49:24,START,New Cross,51.476332,-0.032422,1,1,0,0,0,0,1,0,0,0,0.05,NULL
465236,17/03/2016 15:54:31,STOP,London Bridge,51.503584,-0.082984,0,0,0,0,0,1,0,1,1,0,0.0,NULL
465236,17/03/2016 15:55:15,START,London Bridge,51.503578,-0.082986,1,1,0,0,0,0,1,0,0,0,1.06,NULL
465236,17/03/2016 15:58:07,STOP,London Cannon Street,51.509037,-0.091575,0,0,0,0,0,1,0,1,1,0,-0.07,NULL
465236,17/03/2016 16:10:03,START,London Cannon Street,51.50914,-0.09162,1,1,0,0,0,0,1,0,0,1,0.7,NULL
465236,17/03/2016 16:13:00,STOP,London Bridge,51.503618,-0.083102,0,0,0,0,1,0,0,1,1,1,-0.02,NULL
465236,17/03/2016 16:14:07,START,London Bridge,51.50359,-0.083027,1,1,0,0,0,0,1,0,0,1,1.04,NULL
465236,17/03/2016 16:19:07,STOP,New Cross,51.476183,-0.032325,0,0,0,0,1,0,0,1,1,1,-0.05,NULL
465236,17/03/2016 16:19:48,START,New Cross,51.476094,-0.032305,1,1,1,1,0,0,1,0,0,1,0.07,NULL
465236,17/03/2016 16:21:28,STOP,St John,51.468585,-0.020989,0,0,0,0,0,1,0,1,1,1,-0.07,NULL
465236,17/03/2016 16:22:01,START,St John,51.468577,-0.02093,1,1,0,0,0,0,1,0,0,1,0.02,NULL
465236,17/03/2016 16:23:46,STOP,Lewisham,51.46404,-0.013017,0,0,0,0,1,0,0,1,1,1,0.0,NULL
465236,17/03/2016 16:24:48,START,Lewisham,51.464073,-0.013079,1,1,0,0,0,0,1,0,0,1,0.02,NULL
465236,17/03/2016 16:28:30,STOP,Hither Green,51.451255,0.001574,0,0,0,0,1,0,0,1,1,1,-0.05,NULL
465236,17/03/2016 16:29:07,START,Hither Green,51.451238,0.001624,1,1,1,1,0,0,1,0,0,1,0.7,NULL
465236,17/03/2016 16:30:36,STOP,Lee,51.449488,0.016226,0,0,0,0,1,0,0,1,1,1,-0.02,NULL
465236,17/03/2016 16:31:12,START,Lee,51.449421,0.016262,1,1,1,1,0,0,1,0,0,1,0.02,NULL
465236,17/03/2016 16:33:51,STOP,Mottingham,51.440147,0.050971,0,0,0,0,1,0,0,1,1,1,-0.02,NULL
465236,17/03/2016 16:34:25,START,Mottingham,51.440143,0.051036,1,1,0,0,0,0,1,0,0,1,0.02,NULL
465236,17/03/2016 16:36:14,STOP,New Eltham,51.437926,0.071403,0,0,0,0,1,0,0,1,1,1,-0.02,NULL
465236,17/03/2016 16:36:55,START,New Eltham,51.437944,0.071459,1,0,0,0,0,0,1,0,0,1,0.34,NULL
465236,17/03/2016 16:39:33,STOP,Sidcup,51.43393,0.106378,0,0,0,0,0,0,0,1,1,1,0.07,NULL
465236,17/03/2016 16:40:12,START,Sidcup,51.433891,0.106404,1,0,0,0,0,0,1,0,0,1,0.05,NULL
465236,17/03/2016 16:42:08,STOP,Albany Park,51.435496,0.127288,0,0,0,0,1,0,0,1,1,1,-0.05,NULL
465236,17/03/2016 16:42:35,START,Albany Park,51.435515,0.127402,1,1,1,0,0,0,1,0,0,1,1.4,NULL
465236,17/03/2016 16:44:27,STOP,Bexley,51.440584,0.14918,0,0,0,0,1,0,0,1,1,1,-0.02,NULL
465236,17/03/2016 16:44:52,START,Bexley,51.440614,0.149273,1,1,1,1,0,0,1,0,0,1,0.07,NULL
465236,17/03/2016 16:47:14,STOP,Crayford,51.44866,0.180315,0,0,0,0,1,0,0,1,1,1,-0.02,NULL
465236,17/03/2016 16:47:49,START,Crayford,51.448665,0.18037,1,1,1,1,0,0,1,0,0,1,1.06,NULL
465236,17/03/2016 16:52:54,STOP,Slade Green,51.468953,0.189174,0,0,0,0,1,0,0,1,1,1,-0.02,NULL
465236,17/03/2016 16:55:06,START,Slade Green,51.469001,0.189138,1,1,1,1,0,0,1,0,0,1,1.06,NULL
465236,17/03/2016 16:57:13,STOP,Erith,51.482996,0.173331,0,0,0,0,1,0,0,0,1,1,-0.02,NULL
465236,17/03/2016 16:58:03,START,Erith,51.483054,0.173224,1,1,1,1,0,0,1,0,0,1,0.68,NULL
465236,17/03/2016 17:00:04,STOP,Belvedere,51.492168,0.151784,0,0,0,0,1,0,0,0,1,1,0.0,NULL
465236,17/03/2016 17:00:37,START,Belvedere,51.492162,0.151703,1,1,1,1,0,0,1,0,0,1,0.68,NULL
465236,17/03/2016 17:03:06,STOP,Abbey Wood,51.490888,0.117947,0,0,0,0,0,1,0,1,1,1,-0.1,NULL
465236,17/03/2016 17:03:47,START,Abbey Wood,51.490907,0.117901,1,1,1,1,0,0,1,0,0,1,0.31,NULL
465236,17/03/2016 17:06:18,STOP,Plumstead,51.4897,0.081949,0,0,0,0,1,0,0,0,1,1,-0.05,NULL
465236,17/03/2016 17:06:47,START,Plumstead,51.489688,0.081835,1,1,1,1,0,0,1,0,0,1,0.68,NULL
465236,17/03/2016 17:08:26,STOP,Woolwich Arsenal,51.489898,0.069223,0,0,0,0,1,0,0,1,1,1,-0.02,NULL
465236,17/03/2016 17:09:02,START,Woolwich Arsenal,51.489856,0.069232,1,1,1,0,0,0,1,0,0,1,0.36,NULL
465236,17/03/2016 17:11:20,STOP,Woolwich Dockyard,51.491348,0.053448,0,0,0,0,1,0,0,1,1,1,-0.02,NULL
465236,17/03/2016 17:11:44,START,Woolwich Dockyard,51.49136,0.053418,1,1,1,0,0,0,1,0,0,1,0.1,NULL
465236,17/03/2016 17:14:11,STOP,Charlton,51.48648,0.029152,0,0,0,0,1,0,0,1,1,1,-0.07,NULL
465236,17/03/2016 17:14:55,START,Charlton,51.486447,0.02909,1,1,1,1,0,0,1,0,0,1,1.06,NULL
465236,17/03/2016 17:16:35,STOP,Westcombe Park,51.484027,0.016408,0,0,0,0,1,0,0,0,1,1,0.05,NULL
465236,17/03/2016 17:17:02,START,Westcombe Park,51.483998,0.016354,1,1,1,1,0,0,1,0,0,1,0.7,NULL
465236,17/03/2016 17:18:31,STOP,Maze Hill,51.48274,0.002337,0,0,0,0,1,0,0,0,1,1,-0.05,NULL
465236,17/03/2016 17:19:06,START,Maze Hill,51.482766,0.002304,1,1,1,0,0,0,1,0,0,1,1.06,NULL
465236,17/03/2016 17:21:47,STOP,Greenwich,51.478084,-0.016419,0,0,0,0,1,0,0,0,1,1,0.0,NULL
465236,17/03/2016 17:22:22,START,Greenwich,51.478036,-0.016501,1,1,1,0,0,0,1,0,0,1,0.36,NULL
465236,17/03/2016 17:24:03,STOP,Deptford,51.479136,-0.027169,0,0,0,0,1,0,0,1,1,1,-0.02,NULL
465236,17/03/2016 17:24:47,START,Deptford,51.479153,-0.027201,1,1,1,1,0,0,1,0,0,1,0.02,NULL
465236,17/03/2016 17:34:03,STOP,London Bridge,51.504937,-0.084713,0,0,0,0,1,0,0,1,1,1,0.0,NULL
465236,17/03/2016 17:35:12,START,London Bridge,51.504967,-0.084762,1,1,1,0,0,0,1,0,0,1,0.15,NULL
465236,17/03/2016 17:38:32,STOP,London Cannon Street,51.511277,-0.090627,0,0,0,0,0,1,0,1,1,1,-0.02,NULL
465236,17/03/2016 17:43:22,START,London Cannon Street,51.510537,-0.090382,1,1,1,1,0,0,1,0,0,0,0.07,NULL
465236,17/03/2016 17:46:58,STOP,London Bridge,51.504817,-0.085098,0,0,0,0,0,0,0,1,1,0,-0.02,NULL
465236,17/03/2016 17:48:16,START,London Bridge,51.504357,-0.085503,1,1,0,0,0,0,1,0,0,0,0.05,NULL
465236,17/03/2016 17:54:54,STOP,New Cross,51.477819,-0.033479,0,0,0,0,0,1,0,0,1,0,0.0,NULL
465236,17/03/2016 17:55:25,START,New Cross,51.47779,-0.033467,1,1,1,1,0,0,1,0,0,0,0.7,NULL
465236,17/03/2016 17:57:04,STOP,St John,51.469624,-0.02331,0,0,0,0,1,0,0,0,1,0,0.02,NULL
465236,17/03/2016 17:57:35,START,St John,51.469574,-0.023448,1,1,1,0,0,0,1,0,0,0,0.68,NULL
465236,17/03/2016 17:59:17,STOP,Lewisham,51.465602,-0.014248,0,0,0,0,0,1,0,0,1,0,-0.02,NULL
465236,17/03/2016 18:00:14,START,Lewisham,51.465568,-0.014211,1,1,1,0,0,0,1,0,0,0,0.02,NULL
465236,17/03/2016 18:04:22,STOP,Hither Green,51.452163,-8.67E-4,0,0,0,0,0,1,0,1,1,0,-0.02,NULL
465236,17/03/2016 18:05:03,START,Hither Green,51.452226,-7.54E-4,1,1,1,1,0,0,1,0,0,0,0.68,NULL
465236,17/03/2016 18:06:35,STOP,Lee,51.449849,0.013444,0,0,0,0,0,1,0,0,1,0,-0.02,NULL
465236,17/03/2016 18:07:15,START,Lee,51.449837,0.013506,1,1,1,1,0,0,1,0,0,0,0.02,NULL
465236,17/03/2016 18:09:55,STOP,Mottingham,51.440525,0.048162,0,0,0,0,0,1,0,0,1,0,0.07,NULL
465236,17/03/2016 18:10:37,START,Mottingham,51.440521,0.048248,1,1,1,1,0,0,1,0,0,0,0.39,NULL
465236,17/03/2016 18:12:28,STOP,New Eltham,51.438277,0.068626,0,0,0,0,0,1,0,1,1,0,-0.02,NULL
465236,17/03/2016 18:13:15,START,New Eltham,51.438263,0.068692,1,1,1,1,0,0,1,0,0,0,0.02,NULL
465236,17/03/2016 18:15:50,STOP,Sidcup,51.434019,0.103476,0,0,0,0,0,1,0,1,1,0,-0.02,NULL
465236,17/03/2016 18:16:43,START,Sidcup,51.43402,0.103583,1,1,1,1,0,0,1,0,0,0,0.05,NULL
465236,17/03/2016 18:18:29,STOP,Albany Park,51.435266,0.124432,0,0,0,0,0,1,0,1,1,0,0.02,NULL
465236,17/03/2016 18:19:10,START,Albany Park,51.435222,0.124518,1,1,0,0,0,0,1,0,0,0,0.02,NULL
465236,17/03/2016 18:21:07,STOP,Bexley,51.439908,0.146544,0,0,0,0,0,1,0,0,1,0,0.0,NULL
465236,17/03/2016 18:21:50,START,Bexley,51.439917,0.146601,1,1,1,1,0,0,1,0,0,0,0.36,NULL
465236,17/03/2016 18:24:17,STOP,Crayford,51.447991,0.177666,0,0,0,0,0,0,0,1,1,0,-0.05,NULL
465236,17/03/2016 18:25:18,START,Crayford,51.447983,0.177744,1,1,1,1,0,0,1,0,0,0,1.06,NULL
465236,17/03/2016 18:36:17,STOP,Barnehurst,51.464925,0.161587,0,0,0,0,0,1,0,0,1,0,-0.02,NULL
465236,17/03/2016 18:38:17,START,Barnehurst,51.464928,0.161531,1,1,1,1,0,0,1,0,0,0,1.47,NULL
465236,17/03/2016 18:40:27,STOP,Bexleyheath,51.463558,0.135081,0,0,0,0,0,1,0,0,1,0,-0.02,NULL
465236,17/03/2016 18:40:53,START,Bexleyheath,51.463531,0.134968,1,1,0,0,0,0,1,0,0,0,0.05,NULL
465236,17/03/2016 18:43:17,STOP,Welling,51.464939,0.103311,0,0,0,0,0,1,0,0,1,0,-0.07,NULL
465236,17/03/2016 18:43:38,START,Welling,51.464895,0.103268,1,1,1,1,0,0,1,0,0,0,0.02,NULL
465236,17/03/2016 18:45:44,STOP,Falconwood,51.459472,0.080892,0,0,0,0,0,1,0,0,1,0,-0.05,NULL
465236,17/03/2016 18:46:22,START,Falconwood,51.459422,0.080851,1,1,1,1,0,0,1,0,0,0,1.04,NULL
465236,17/03/2016 18:48:32,STOP,Eltham,51.455845,0.054385,0,0,0,0,0,1,0,0,1,0,-0.02,NULL
465236,17/03/2016 18:48:57,START,Eltham,51.455846,0.054307,1,1,0,0,0,0,1,0,0,0,0.02,NULL
465236,17/03/2016 18:51:30,STOP,Kidbrooke,51.461473,0.02944,0,0,0,0,0,1,0,0,1,0,-0.07,NULL
465236,17/03/2016 18:52:04,START,Kidbrooke,51.46142,0.029397,1,1,1,1,0,0,1,0,0,0,1.04,NULL
465236,17/03/2016 18:56:13,STOP,Blackheath,51.465972,0.009034,0,0,0,0,0,0,0,1,1,0,0.02,NULL
465236,17/03/2016 18:56:36,START,Blackheath,51.465882,0.008882,1,1,1,0,0,0,1,0,0,0,0.1,NULL
465236,17/03/2016 18:59:36,STOP,Lewisham,51.465352,-0.011387,0,0,0,0,0,1,0,1,1,0,-0.07,NULL
465236,17/03/2016 19:00:30,START,Lewisham,51.46534,-0.011446,1,1,1,1,0,0,1,0,0,0,1.06,NULL
465236,17/03/2016 19:02:15,STOP,St John,51.468767,-0.021349,0,0,0,0,1,0,0,1,1,0,-0.02,NULL
465236,17/03/2016 19:02:35,START,St John,51.468738,-0.021371,1,1,0,0,0,0,1,0,0,0,0.02,NULL
465236,17/03/2016 19:04:12,STOP,New Cross,51.476141,-0.032307,0,0,0,0,1,0,0,0,1,0,-0.02,NULL
465236,17/03/2016 19:04:43,START,New Cross,51.476051,-0.032308,1,1,1,1,0,0,1,0,0,0,0.68,NULL
465236,17/03/2016 19:10:50,STOP,London Bridge,51.503605,-0.082991,0,0,0,0,0,1,0,1,1,0,0.02,NULL
465236,17/03/2016 19:11:30,START,London Bridge,51.503637,-0.083049,1,1,1,0,0,0,1,0,0,0,0.02,NULL
465236,17/03/2016 19:14:43,STOP,London Cannon Street,51.509155,-0.091164,0,0,0,0,0,1,0,1,1,0,-0.05,NULL
465236,17/03/2016 19:24:08,START,London Cannon Street,51.507704,-0.091943,1,1,0,0,0,0,1,0,0,1,0.02,NULL
465236,17/03/2016 19:27:49,STOP,London Bridge,51.503694,-0.083041,0,0,0,0,0,1,0,1,1,1,-0.02,NULL
465236,17/03/2016 19:28:36,START,London Bridge,51.503692,-0.082984,1,1,1,1,0,0,1,0,0,1,1.09,NULL
465236,17/03/2016 19:33:48,STOP,New Cross,51.476219,-0.03234,0,0,0,0,0,0,0,0,1,1,-0.02,NULL
465236,17/03/2016 19:34:15,START,New Cross,51.476164,-0.032373,1,1,1,1,0,0,1,0,0,1,0.34,NULL
465236,17/03/2016 19:36:20,STOP,St John,51.468601,-0.021021,0,0,0,0,0,1,0,0,1,1,0.0,NULL
465236,17/03/2016 19:36:44,START,St John,51.468582,-0.020958,1,1,1,1,0,0,1,0,0,1,0.29,NULL
465236,17/03/2016 19:38:19,STOP,Lewisham,51.465287,-0.011068,0,0,0,0,1,0,0,0,1,1,-0.02,NULL
465236,17/03/2016 19:38:50,START,Lewisham,51.465241,-0.01108,1,1,1,1,0,0,1,0,0,1,1.06,NULL
465236,17/03/2016 19:40:48,STOP,Blackheath,51.465735,0.008299,0,0,0,0,1,0,0,0,1,1,-0.05,NULL
465236,17/03/2016 19:41:19,START,Blackheath,51.465694,0.008355,1,1,0,0,0,0,1,0,0,1,0.02,NULL
465236,17/03/2016 19:44:16,STOP,Kidbrooke,51.461602,0.029096,0,0,0,0,0,0,0,0,1,1,-0.02,NULL
465236,17/03/2016 19:44:47,START,Kidbrooke,51.461547,0.02902,1,1,1,1,0,0,1,0,0,1,0.36,NULL
465236,17/03/2016 19:47:12,STOP,Eltham,51.455841,0.054095,0,0,0,0,1,0,0,0,1,1,-0.02,NULL
465236,17/03/2016 19:47:47,START,Eltham,51.455821,0.054149,1,1,1,1,0,0,1,0,0,1,0.05,NULL
465236,17/03/2016 19:50:01,STOP,Falconwood,51.459514,0.081139,0,0,0,0,1,0,0,0,1,1,0.02,NULL
465236,17/03/2016 19:50:32,START,Falconwood,51.459493,0.081233,1,1,1,1,0,0,1,0,0,1,0.02,NULL
465236,17/03/2016 19:53:25,STOP,Welling,51.464932,0.10296,0,0,0,0,0,0,0,0,1,1,-0.02,NULL
465236,17/03/2016 19:53:59,START,Welling,51.464936,0.103009,1,1,1,0,0,0,1,0,0,1,0.36,NULL
465236,17/03/2016 19:56:34,STOP,Bexleyheath,51.463554,0.134744,0,0,0,0,1,0,0,1,1,1,-0.02,NULL
465236,17/03/2016 19:57:08,START,Bexleyheath,51.463554,0.134829,1,1,1,0,0,0,1,0,0,1,0.39,NULL
465236,17/03/2016 20:00:13,STOP,Barnehurst,51.464957,0.161283,0,0,0,0,1,0,0,0,1,1,0.02,NULL
465236,17/03/2016 20:03:57,START,Barnehurst,51.464956,0.161357,1,1,0,0,0,0,1,0,0,1,0.05,NULL
465236,17/03/2016 20:43:43,STOP,Grove Park Shed,51.43585,0.015611,0,0,0,0,0,0,1,1,1,1,0.7,NULL
465236,17/03/2016 20:44:10,START,Grove Park Shed,51.435817,0.015665,1,0,0,0,0,0,1,0,0,1,0.73,NULL
465236,17/03/2016 20:46:57,STOP,Grove Park Shed,51.433375,0.019393,0,0,0,0,0,0,1,1,0,1,0.68,NULL
465236,18/03/2016 06:11:40,START,Grove Park Shed,51.433268,0.019536,1,1,1,0,0,0,1,0,0,0,1.06,NULL
465236,18/03/2016 06:51:54,STOP,Slade Green,51.467763,0.190253,0,0,0,0,0,1,0,1,0,0,-0.05,NULL
465236,18/03/2016 06:53:58,START,Slade Green,51.46779,0.190208,1,1,1,1,0,0,1,0,0,0,0.36,NULL
465236,18/03/2016 06:56:01,STOP,Erith,51.481684,0.175039,0,0,0,0,0,1,0,1,0,0,-0.02,NULL
465236,18/03/2016 06:56:33,START,Erith,51.481804,0.17498,1,1,1,1,0,0,1,0,0,0,1.06,NULL
465236,18/03/2016 06:58:40,STOP,Belvedere,51.492206,0.153988,0,0,0,0,0,1,0,1,0,0,-0.02,NULL
465236,18/03/2016 06:59:12,START,Belvedere,51.492184,0.15394,1,1,1,1,0,0,1,0,0,0,0.34,NULL
465236,18/03/2016 07:01:42,STOP,Abbey Wood,51.490946,0.120194,0,0,0,0,1,0,0,1,1,0,-0.05,NULL
465236,18/03/2016 07:02:27,START,Abbey Wood,51.49094,0.120146,1,1,1,1,0,0,1,0,0,0,1.47,NULL
465236,18/03/2016 07:04:50,STOP,Plumstead,51.489846,0.085091,0,0,0,0,0,1,0,1,0,0,-0.02,NULL
465236,18/03/2016 07:05:22,START,Plumstead,51.489834,0.084976,1,1,1,1,0,0,1,0,0,0,1.04,NULL
465236,18/03/2016 07:07:07,STOP,Woolwich Arsenal,51.489498,0.071338,0,0,0,0,0,1,0,1,0,0,-0.02,NULL
465236,18/03/2016 07:08:02,START,Woolwich Arsenal,51.489503,0.071265,1,1,1,1,0,0,1,0,0,0,0.7,NULL
465236,18/03/2016 07:10:03,STOP,Woolwich Dockyard,51.491043,0.055602,0,0,0,0,0,1,0,1,0,0,-0.1,NULL
465236,18/03/2016 07:10:46,START,Woolwich Dockyard,51.491107,0.055607,1,1,1,1,0,0,1,0,0,0,0.99,NULL
465236,18/03/2016 07:13:04,STOP,Charlton,51.486817,0.031304,0,0,0,0,0,1,0,1,0,0,0.0,NULL
465236,18/03/2016 07:14:00,START,Charlton,51.486804,0.031229,1,1,1,1,0,0,1,0,0,0,0.34,NULL
465236,18/03/2016 07:15:35,STOP,Westcombe Park,51.484278,0.019118,0,0,0,0,0,1,0,1,0,0,-0.15,NULL
465236,18/03/2016 07:16:06,START,Westcombe Park,51.484271,0.019072,1,1,1,0,0,0,1,0,0,0,0.31,NULL
465236,18/03/2016 07:17:45,STOP,Maze Hill,51.482639,0.00454,0,0,0,0,0,1,0,1,0,0,-0.02,NULL
465236,18/03/2016 07:18:19,START,Maze Hill,51.482656,0.004517,1,1,1,1,0,0,1,0,0,0,0.6,NULL
465236,18/03/2016 07:20:44,STOP,Greenwich,51.478305,-0.013393,0,0,0,0,0,1,0,1,0,0,-0.02,NULL
465236,18/03/2016 07:21:58,START,Greenwich,51.478347,-0.013395,1,1,1,0,0,0,1,0,0,0,0.65,NULL
465236,18/03/2016 07:23:34,STOP,Deptford,51.478655,-0.02511,0,0,0,0,0,1,0,1,0,0,-0.02,NULL
465236,18/03/2016 07:24:10,START,Deptford,51.478664,-0.025152,1,1,1,0,0,0,1,0,0,0,1.02,NULL
465236,18/03/2016 07:30:29,STOP,London Bridge,51.503782,-0.083385,0,0,0,0,0,1,0,1,1,0,-0.05,NULL
465236,18/03/2016 07:31:53,START,London Bridge,51.503833,-0.083402,1,1,1,1,0,0,1,0,0,0,0.12,NULL
465236,18/03/2016 07:35:58,STOP,London Cannon Street,51.509379,-0.091413,0,0,0,0,1,0,0,1,1,0,-0.07,NULL
465236,18/03/2016 07:44:01,START,London Cannon Street,51.508766,-0.091473,1,1,1,1,0,0,1,0,0,1,0.41,NULL
465236,18/03/2016 07:47:11,STOP,London Bridge,51.504263,-0.083344,0,0,0,0,0,1,0,1,1,1,0.02,NULL
465236,18/03/2016 07:48:08,START,London Bridge,51.504267,-0.08281,1,1,1,0,0,0,1,0,0,1,0.36,NULL
465236,18/03/2016 07:53:25,STOP,Deptford,51.478758,-0.025512,0,0,0,0,1,0,0,1,0,1,0.02,NULL
465236,18/03/2016 07:53:57,START,Deptford,51.478711,-0.025462,1,1,1,1,0,0,1,0,0,1,0.7,NULL
465236,18/03/2016 07:55:34,STOP,Greenwich,51.478273,-0.013647,0,0,0,0,1,0,0,1,0,1,-0.07,NULL
465236,18/03/2016 07:58:31,START,Greenwich,51.478332,-0.013573,1,1,1,1,0,0,1,0,0,1,0.05,NULL
465236,18/03/2016 08:01:21,STOP,Maze Hill,51.482728,0.005579,0,0,0,0,1,0,0,1,0,1,-0.02,NULL
465236,18/03/2016 08:01:47,START,Maze Hill,51.482715,0.00567,1,1,1,0,0,0,1,0,0,1,0.34,NULL
465236,18/03/2016 08:03:19,STOP,Westcombe Park,51.484275,0.018937,0,0,0,0,1,0,0,1,0,1,-0.02,NULL
465236,18/03/2016 08:04:02,START,Westcombe Park,51.484257,0.019042,1,1,0,0,0,0,1,0,0,1,0.36,NULL
465236,18/03/2016 08:06:26,STOP,Charlton,51.486875,0.031541,0,0,0,0,1,0,0,1,0,1,-0.02,NULL
465236,18/03/2016 08:07:45,START,Charlton,51.4869,0.031624,1,1,1,0,0,0,1,0,0,1,0.73,NULL
465236,18/03/2016 08:10:33,STOP,Woolwich Dockyard,51.491101,0.056239,0,0,0,0,1,0,0,1,0,1,0.0,NULL
465236,18/03/2016 08:10:55,START,Woolwich Dockyard,51.491123,0.056322,1,1,1,1,0,0,1,0,0,1,0.15,NULL
465236,18/03/2016 08:12:54,STOP,Woolwich Arsenal,51.489495,0.071108,0,0,0,0,1,0,0,1,0,1,-0.02,NULL
465236,18/03/2016 08:13:46,START,Woolwich Arsenal,51.489479,0.071141,1,1,1,0,0,0,1,0,0,1,0.65,NULL
465236,18/03/2016 08:15:30,STOP,Plumstead,51.489783,0.085159,0,0,0,0,1,0,0,1,0,1,0.1,NULL
465236,18/03/2016 08:15:55,START,Plumstead,51.489756,0.085003,1,1,1,1,0,0,1,0,0,1,0.73,NULL
465236,18/03/2016 08:18:29,STOP,Abbey Wood,51.4911,0.120826,0,0,0,0,1,0,0,1,0,1,-0.02,NULL
465236,18/03/2016 08:18:52,START,Abbey Wood,51.491107,0.120877,1,1,1,1,0,0,1,0,0,1,0.02,NULL
465236,18/03/2016 08:21:10,STOP,Belvedere,51.492213,0.154277,0,0,0,0,1,0,0,1,0,1,0.05,NULL
465236,18/03/2016 08:21:40,START,Belvedere,51.492218,0.154328,1,1,1,0,0,0,1,0,0,1,0.36,NULL
465236,18/03/2016 08:24:01,STOP,Erith,51.480844,0.176162,0,0,0,0,1,0,0,1,0,1,0.0,NULL
465236,18/03/2016 08:24:30,START,Erith,51.480819,0.176203,1,1,1,1,0,0,1,0,0,1,0.68,NULL
465236,18/03/2016 08:26:59,STOP,Slade Green,51.467535,0.190477,0,0,0,0,1,0,0,1,1,1,-0.07,NULL
465236,18/03/2016 08:31:40,START,Slade Green,51.467486,0.190538,1,1,0,0,0,0,1,0,0,1,0.02,NULL
465236,18/03/2016 08:36:47,STOP,Barnehurst,51.465023,0.159341,0,0,0,0,0,0,0,1,0,1,-0.05,NULL
465236,18/03/2016 08:38:56,START,Barnehurst,51.465011,0.159221,1,1,1,0,0,0,1,0,0,1,0.02,NULL
465236,18/03/2016 08:41:09,STOP,Bexleyheath,51.463597,0.132211,0,0,0,0,1,0,0,1,0,1,-0.02,NULL
465236,18/03/2016 08:41:52,START,Bexleyheath,51.463606,0.132095,1,1,1,0,0,0,1,0,0,1,0.7,NULL
465236,18/03/2016 08:44:14,STOP,Welling,51.46473,0.101152,0,0,0,0,1,0,0,1,0,1,0.0,NULL
465236,18/03/2016 08:45:04,START,Welling,51.464756,0.101072,1,1,1,0,0,0,1,0,0,1,0.73,NULL
465236,18/03/2016 08:47:04,STOP,Falconwood,51.4592,0.079205,0,0,0,0,1,0,0,1,0,1,0.0,NULL
465236,18/03/2016 08:47:27,START,Falconwood,51.459145,0.079126,1,1,1,0,0,0,1,0,0,1,0.34,NULL
465236,18/03/2016 08:49:51,STOP,Eltham,51.455524,0.051542,0,0,0,0,1,0,0,1,0,1,0.0,NULL
465236,18/03/2016 08:50:36,START,Eltham,51.455514,0.051498,1,1,0,0,0,0,1,0,0,1,0.02,NULL
465236,18/03/2016 08:53:07,STOP,Kidbrooke,51.462266,0.027257,0,0,0,0,1,0,0,1,0,1,-0.02,NULL
465236,18/03/2016 08:53:35,START,Kidbrooke,51.462269,0.027195,1,1,1,0,0,0,1,0,0,1,0.7,NULL
465236,18/03/2016 08:56:59,STOP,Blackheath,51.465625,0.006189,0,0,0,0,1,0,0,1,0,1,-0.02,NULL
465236,18/03/2016 08:57:56,START,Blackheath,51.465632,0.006138,1,1,1,0,0,0,1,0,0,1,0.65,NULL
465236,18/03/2016 09:00:24,STOP,Lewisham,51.465845,-0.014081,0,0,0,0,1,0,0,1,1,1,-0.07,NULL
465236,18/03/2016 09:01:58,START,Lewisham,51.46585,-0.014163,1,1,1,1,0,0,1,0,0,1,0.02,NULL
465236,18/03/2016 09:04:24,STOP,New Cross,51.477281,-0.033163,0,0,0,0,1,0,0,1,0,1,-0.05,NULL
465236,18/03/2016 09:04:56,START,New Cross,51.477319,-0.033151,1,1,1,0,0,0,1,0,0,1,0.7,NULL
465236,18/03/2016 09:12:50,STOP,London Bridge,51.504853,-0.084731,0,0,0,0,1,0,0,1,1,1,0.02,NULL
465236,18/03/2016 09:14:40,START,London Bridge,51.50493,-0.084816,1,1,1,0,0,0,1,0,0,1,0.75,NULL
465236,18/03/2016 09:19:43,STOP,London Cannon Street,51.509568,-0.092567,0,0,0,0,0,1,0,1,1,1,-0.02,NULL
465236,18/03/2016 09:26:23,START,London Cannon Street,51.509183,-0.088214,1,1,1,1,0,0,1,0,0,0,0.02,NULL
465236,18/03/2016 09:30:41,STOP,London Bridge,51.505188,-0.084938,0,0,0,0,1,0,0,1,1,0,-0.02,NULL
465236,18/03/2016 09:31:18,START,London Bridge,51.505245,-0.084864,1,1,1,1,0,0,1,0,0,0,0.31,NULL
465236,18/03/2016 09:36:32,STOP,Deptford,51.479308,-0.027544,0,0,0,0,0,1,0,1,0,0,-0.02,NULL
465236,18/03/2016 09:37:06,START,Deptford,51.479291,-0.027479,1,1,1,1,0,0,1,0,0,0,0.31,NULL
465236,18/03/2016 09:38:46,STOP,Greenwich,51.478142,-0.015884,0,0,0,0,0,1,0,1,0,0,-0.02,NULL
465236,18/03/2016 09:39:11,START,Greenwich,51.478193,-0.015889,1,1,1,0,0,0,1,0,0,0,0.53,NULL
465236,18/03/2016 09:41:53,STOP,Maze Hill,51.482668,0.003381,0,0,0,0,0,1,0,1,0,0,-0.07,NULL
465236,18/03/2016 09:42:17,START,Maze Hill,51.482682,0.003447,1,1,1,1,0,0,1,0,0,0,0.36,NULL
465236,18/03/2016 09:43:45,STOP,Westcombe Park,51.484041,0.016772,0,0,0,0,0,1,0,1,0,0,0.0,NULL
465236,18/03/2016 09:44:12,START,Westcombe Park,51.484026,0.016814,1,1,1,1,0,0,1,0,0,0,0.7,NULL
465236,18/03/2016 09:45:50,STOP,Charlton,51.486523,0.029357,0,0,0,0,0,1,0,1,0,0,-0.02,NULL
465236,18/03/2016 09:46:10,START,Charlton,51.486519,0.029383,1,1,1,1,0,0,1,0,0,0,0.29,NULL
465236,18/03/2016 09:48:42,STOP,Woolwich Dockyard,51.491251,0.054128,0,0,0,0,0,1,0,1,0,0,-0.02,NULL
465236,18/03/2016 09:49:09,START,Woolwich Dockyard,51.491248,0.054224,1,1,1,1,0,0,1,0,0,0,1.4,NULL
465236,18/03/2016 09:51:01,STOP,Woolwich Arsenal,51.48992,0.06909,0,0,0,0,0,1,0,1,0,0,-0.05,NULL
465236,18/03/2016 09:51:53,START,Woolwich Arsenal,51.489888,0.069092,1,1,1,1,0,0,1,0,0,0,0.68,NULL
465236,18/03/2016 09:53:47,STOP,Plumstead,51.489761,0.083146,0,0,0,0,0,1,0,1,0,0,-0.07,NULL
465236,18/03/2016 09:54:12,START,Plumstead,51.489764,0.083159,1,1,1,1,0,0,1,0,0,0,1.04,NULL
465236,18/03/2016 09:56:44,STOP,Abbey Wood,51.491048,0.118575,0,0,0,0,0,1,0,1,0,0,-0.07,NULL
465236,18/03/2016 09:57:10,START,Abbey Wood,51.491031,0.11865,1,1,1,1,0,0,1,0,0,0,0.68,NULL
465236,18/03/2016 09:59:32,STOP,Belvedere,51.492212,0.152063,0,0,0,0,0,1,0,1,0,0,-0.07,NULL
465236,18/03/2016 09:59:55,START,Belvedere,51.492234,0.152155,1,1,1,1,0,0,1,0,0,0,0.31,NULL
465236,18/03/2016 10:02:06,STOP,Erith,51.481924,0.174802,0,0,0,0,0,1,0,1,0,0,-0.02,NULL
465236,18/03/2016 10:02:34,START,Erith,51.481891,0.17482,1,1,1,1,0,0,1,0,0,0,0.05,NULL
465236,18/03/2016 10:05:24,STOP,Slade Green,51.468763,0.189406,0,0,0,0,0,1,0,1,0,0,-0.05,NULL
465236,18/03/2016 10:06:41,START,Slade Green,51.468719,0.189443,1,1,1,1,0,0,1,0,0,0,1.09,NULL
465236,18/03/2016 10:10:53,STOP,Dartford,51.447923,0.218013,0,0,0,0,0,1,0,1,1,0,-0.02,NULL
465236,18/03/2016 10:22:09,START,Dartford,51.447901,0.218089,1,1,0,0,0,0,1,0,0,1,0.02,NULL
465236,18/03/2016 10:28:45,STOP,Barnehurst,51.465023,0.159382,0,0,0,0,1,0,0,0,1,1,-0.02,NULL
465236,18/03/2016 10:29:27,START,Barnehurst,51.465014,0.159314,1,1,0,0,0,0,1,0,0,1,0.7,NULL
465236,18/03/2016 10:31:49,STOP,Bexleyheath,51.463645,0.132233,0,0,0,0,1,0,0,0,1,1,-0.07,NULL
465236,18/03/2016 10:32:36,START,Bexleyheath,51.463656,0.13214,1,1,1,1,0,0,1,0,0,1,1.4,NULL
465236,18/03/2016 10:34:58,STOP,Welling,51.464711,0.101136,0,0,0,0,1,0,0,0,1,1,-0.07,NULL
465236,18/03/2016 10:35:34,START,Welling,51.464715,0.10106,1,1,0,0,0,0,1,0,0,1,0.07,NULL
465236,18/03/2016 10:37:37,STOP,Falconwood,51.459201,0.079236,0,0,0,0,1,0,0,0,1,1,-0.02,NULL
465236,18/03/2016 10:38:13,START,Falconwood,51.459195,0.079132,1,1,0,0,0,0,1,0,0,1,0.31,NULL
465236,18/03/2016 10:40:34,STOP,Eltham,51.455539,0.051559,0,0,0,0,1,0,0,0,1,1,-0.02,NULL
465236,18/03/2016 10:41:13,START,Eltham,51.455546,0.051533,1,1,0,0,0,0,1,0,0,1,1.11,NULL
465236,18/03/2016 10:43:40,STOP,Kidbrooke,51.462256,0.027213,0,0,0,0,1,0,0,0,1,1,-0.02,NULL
465236,18/03/2016 10:44:19,START,Kidbrooke,51.462264,0.027182,1,1,0,0,0,0,1,0,0,1,0.65,NULL
465236,18/03/2016 10:47:39,STOP,Blackheath,51.465546,0.006148,0,0,0,0,1,0,0,0,1,1,-0.05,NULL
465236,18/03/2016 10:48:19,START,Blackheath,51.465546,0.006105,1,1,1,1,0,0,1,0,0,1,1.06,NULL
465236,18/03/2016 10:50:47,STOP,Lewisham,51.465815,-0.014092,0,0,0,0,1,0,0,0,1,1,-0.02,NULL
465236,18/03/2016 10:51:29,START,Lewisham,51.465827,-0.01415,1,1,0,0,0,0,1,0,0,1,1.11,NULL
465236,18/03/2016 11:03:22,STOP,Waterloo East,51.504083,-0.109458,0,0,0,0,1,0,0,0,1,1,0.02,NULL
465236,18/03/2016 11:04:10,START,Waterloo East,51.504001,-0.109536,1,1,0,0,0,0,1,0,0,1,0.1,NULL
465236,18/03/2016 11:07:09,STOP,Charing Cross,51.507389,-0.122763,0,0,0,0,1,0,0,1,1,1,-0.05,NULL
465236,18/03/2016 11:17:17,START,Charing Cross,51.507663,-0.122955,1,1,0,0,0,0,1,0,0,0,0.36,NULL
465236,18/03/2016 11:20:08,STOP,Waterloo East,51.504091,-0.109665,0,0,0,0,0,1,0,0,1,0,-0.02,NULL
465236,18/03/2016 11:20:54,START,Waterloo East,51.50412,-0.109554,1,1,0,0,0,0,1,0,0,0,1.09,NULL
465236,18/03/2016 11:36:01,STOP,Ladywell,51.456539,-0.018887,0,0,0,0,0,1,0,0,1,0,0.02,NULL
465236,18/03/2016 11:36:36,START,Ladywell,51.456428,-0.018852,1,1,0,0,0,0,1,0,0,0,0.02,NULL
465236,18/03/2016 11:38:22,STOP,Catford / Catford Bridge,51.446013,-0.024545,0,0,0,0,0,1,0,0,1,0,-0.05,NULL
465236,18/03/2016 11:39:02,START,Catford / Catford Bridge,51.44598,-0.02457,1,1,0,0,0,0,1,0,0,0,0.02,NULL
465236,18/03/2016 11:41:32,STOP,Lower Sydenham,51.425839,-0.03298,0,0,0,0,0,1,0,0,1,0,-0.02,NULL
465236,18/03/2016 11:42:11,START,Lower Sydenham,51.425813,-0.033014,1,1,1,0,0,0,1,0,0,0,1.04,NULL
465236,18/03/2016 11:43:36,STOP,New Beckenham,51.417783,-0.034837,0,0,0,0,0,1,0,0,1,0,-0.02,NULL
465236,18/03/2016 11:44:15,START,New Beckenham,51.417764,-0.034849,1,1,1,1,0,0,1,0,0,0,0.39,NULL
465236,18/03/2016 11:46:06,STOP,Clock House,51.408818,-0.040273,0,0,0,0,0,1,0,0,1,0,-0.02,NULL
465236,18/03/2016 11:46:46,START,Clock House,51.408701,-0.040308,1,1,0,0,0,0,1,0,0,0,0.36,NULL
465236,18/03/2016 11:48:51,STOP,Elmers End,51.398664,-0.048866,0,0,0,0,0,1,0,0,1,0,-0.02,NULL
465236,18/03/2016 11:49:33,START,Elmers End,51.398584,-0.048964,1,1,1,0,0,0,1,0,0,0,0.05,NULL
465236,18/03/2016 11:52:56,STOP,Eden Park,51.391085,-0.027744,0,0,0,0,0,1,0,0,1,0,-0.07,NULL
465236,18/03/2016 11:53:33,START,Eden Park,51.391075,-0.02769,1,1,1,1,0,0,1,0,0,0,0.68,NULL
465236,18/03/2016 11:55:26,STOP,West Wickham,51.382144,-0.015857,0,0,0,0,0,1,0,0,1,0,-0.05,NULL
465236,18/03/2016 11:56:04,START,West Wickham,51.382136,-0.01583,1,1,0,0,0,0,1,0,0,0,0.02,NULL
465236,18/03/2016 11:59:29,STOP,Hayes,51.376764,0.007865,0,0,0,0,0,1,0,1,1,0,0.02,NULL
465236,18/03/2016 12:08:05,START,Hayes,51.376788,0.007932,1,1,0,0,0,0,1,0,0,1,1.38,NULL
465236,18/03/2016 12:11:01,STOP,West Wickham,51.381657,-0.015073,0,0,0,0,1,0,0,0,1,1,-0.02,NULL
465236,18/03/2016 12:11:47,START,West Wickham,51.381675,-0.015127,1,1,0,0,0,0,1,0,0,1,0.87,NULL
465236,18/03/2016 12:13:43,STOP,Eden Park,51.390625,-0.027037,0,0,0,0,1,0,0,0,1,1,-0.05,NULL
465236,18/03/2016 12:14:27,START,Eden Park,51.390646,-0.027101,1,1,0,0,0,0,1,0,0,1,1.06,NULL
465236,18/03/2016 12:17:51,STOP,Elmers End,51.398479,-0.049145,0,0,0,0,1,0,0,0,1,1,-0.02,NULL
465236,18/03/2016 12:18:39,START,Elmers End,51.398506,-0.049177,1,1,0,0,0,0,1,0,0,1,1.43,NULL
465236,18/03/2016 12:20:26,STOP,Clock House,51.40852,-0.040518,0,0,0,0,1,0,0,0,1,1,-0.05,NULL
465236,18/03/2016 12:21:14,START,Clock House,51.408528,-0.04047,1,1,0,0,0,0,1,0,0,1,0.1,NULL
465236,18/03/2016 12:23:11,STOP,New Beckenham,51.417768,-0.034948,0,0,0,0,1,0,0,0,1,1,-0.02,NULL
465236,18/03/2016 12:23:49,START,New Beckenham,51.417798,-0.034962,1,1,0,0,0,0,1,0,0,1,0.02,NULL
465236,18/03/2016 12:25:18,STOP,Lower Sydenham,51.425366,-0.033141,0,0,0,0,1,0,0,0,1,1,-0.02,NULL
465236,18/03/2016 12:26:02,START,Lower Sydenham,51.425366,-0.033131,1,1,0,0,0,0,1,0,0,1,0.65,NULL
465236,18/03/2016 12:28:33,STOP,Catford / Catford Bridge,51.445913,-0.024633,0,0,0,0,1,0,0,0,1,1,-0.02,NULL
465236,18/03/2016 12:29:21,START,Catford / Catford Bridge,51.445969,-0.024624,1,1,0,0,0,0,1,0,0,1,0.31,NULL
465236,18/03/2016 12:31:15,STOP,Ladywell,51.456335,-0.01896,0,0,0,0,1,0,0,1,1,1,-0.05,NULL
465236,18/03/2016 12:32:03,START,Ladywell,51.456371,-0.018955,1,1,0,0,0,0,1,0,0,1,1.06,NULL
465236,18/03/2016 12:44:25,STOP,Waterloo East,51.504093,-0.109445,0,0,0,0,1,0,0,0,1,1,-0.07,NULL
465236,18/03/2016 12:45:15,START,Waterloo East,51.504091,-0.109476,1,1,1,0,0,0,1,0,0,1,1.06,NULL
465236,18/03/2016 12:48:14,STOP,Charing Cross,51.507306,-0.123139,0,0,0,0,0,1,0,1,1,1,0.0,NULL
465236,18/03/2016 13:03:02,START,Charing Cross,51.508144,-0.123018,1,0,0,0,0,0,1,0,0,0,0.17,NULL
465236,18/03/2016 13:05:54,STOP,Waterloo East,51.504065,-0.109653,0,0,0,0,0,1,0,1,1,0,-0.02,NULL
465236,18/03/2016 13:06:47,START,Waterloo East,51.504067,-0.109603,1,0,0,0,0,0,1,0,0,0,0.02,NULL
465236,18/03/2016 13:18:21,STOP,Lewisham,51.465625,-0.013193,0,0,0,0,0,1,0,1,1,0,-0.05,NULL
465236,18/03/2016 13:19:14,START,Lewisham,51.465621,-0.013142,1,1,1,0,0,0,1,0,0,0,0.31,NULL
465236,18/03/2016 13:21:38,STOP,Blackheath,51.465588,0.006145,0,0,0,0,0,1,0,1,1,0,-0.07,NULL
465236,18/03/2016 13:22:27,START,Blackheath,51.465641,0.006211,1,1,0,0,0,0,1,0,0,0,1.06,NULL
465236,18/03/2016 13:25:19,STOP,Kidbrooke,51.462295,0.027233,0,0,0,0,0,1,0,1,0,0,-0.02,NULL
465236,18/03/2016 13:25:43,START,Kidbrooke,51.462263,0.027295,1,1,0,0,0,0,1,0,0,0,1.11,NULL
465236,18/03/2016 13:28:19,STOP,Eltham,51.455625,0.051976,0,0,0,0,0,1,0,1,1,0,-0.05,NULL
465236,18/03/2016 13:28:55,START,Eltham,51.455652,0.052046,1,1,0,0,0,0,1,0,0,0,0.7,NULL
465236,18/03/2016 13:31:02,STOP,Falconwood,51.459064,0.078235,0,0,0,0,0,1,0,1,1,0,0.0,NULL
465236,18/03/2016 13:31:27,START,Falconwood,51.459111,0.078343,1,1,0,0,0,0,1,0,0,0,0.34,NULL
465236,18/03/2016 13:33:25,STOP,Welling,51.464709,0.100785,0,0,0,0,0,1,0,1,1,0,-0.02,NULL
465236,18/03/2016 13:33:51,START,Welling,51.464724,0.100857,1,0,0,0,0,0,1,0,0,0,0.02,NULL
465236,18/03/2016 13:36:21,STOP,Bexleyheath,51.463559,0.132478,0,0,0,0,0,1,0,1,1,0,-0.02,NULL
465236,18/03/2016 13:36:47,START,Bexleyheath,51.463602,0.132655,1,1,1,1,0,0,1,0,0,0,0.75,NULL
465236,18/03/2016 13:39:37,STOP,Barnehurst,51.465033,0.159112,0,0,0,0,0,1,0,1,1,0,-0.02,NULL
465236,18/03/2016 13:39:56,START,Barnehurst,51.465015,0.159114,1,1,0,0,0,0,1,0,0,0,0.02,NULL
465236,18/03/2016 13:46:07,STOP,Dartford,51.447894,0.218045,0,0,0,0,0,1,0,1,1,0,-0.02,NULL
465236,18/03/2016 13:52:01,START,Dartford,51.447869,0.218089,1,1,0,0,0,0,1,0,0,1,0.02,NULL
465236,18/03/2016 13:58:15,STOP,Barnehurst,51.465039,0.159399,0,0,0,0,1,0,0,0,1,1,-0.05,NULL
465236,18/03/2016 13:59:14,START,Barnehurst,51.465085,0.159342,1,1,0,0,0,0,1,0,0,1,0.02,NULL
465236,18/03/2016 14:01:37,STOP,Bexleyheath,51.463619,0.132191,0,0,0,0,1,0,0,0,1,1,-0.02,NULL
465236,18/03/2016 14:02:08,START,Bexleyheath,51.463634,0.132116,1,1,0,0,0,0,1,0,0,1,0.65,NULL
465236,18/03/2016 14:04:36,STOP,Welling,51.464721,0.101145,0,0,0,0,1,0,0,0,1,1,-0.02,NULL
465236,18/03/2016 14:05:07,START,Welling,51.464723,0.101081,1,1,0,0,0,0,1,0,0,1,0.39,NULL
465236,18/03/2016 14:07:10,STOP,Falconwood,51.459256,0.079211,0,0,0,0,1,0,0,0,1,1,-0.02,NULL
465236,18/03/2016 14:07:40,START,Falconwood,51.459221,0.079165,1,1,0,0,0,0,1,0,0,1,0.36,NULL
465236,18/03/2016 14:09:58,STOP,Eltham,51.455528,0.051562,0,0,0,0,1,0,0,0,1,1,-0.02,NULL
465236,18/03/2016 14:10:27,START,Eltham,51.455521,0.05154,1,1,0,0,0,0,1,0,0,1,0.02,NULL
465236,18/03/2016 14:12:55,STOP,Kidbrooke,51.462277,0.027225,0,0,0,0,1,0,0,0,1,1,0.02,NULL
465236,18/03/2016 14:13:25,START,Kidbrooke,51.462287,0.027191,1,1,0,0,0,0,1,0,0,1,0.7,NULL
465236,18/03/2016 14:16:35,STOP,Blackheath,51.465588,0.006185,0,0,0,0,1,0,0,0,1,1,-0.12,NULL
465236,18/03/2016 14:17:01,START,Blackheath,51.465582,0.006124,1,1,0,0,0,0,1,0,0,1,0.02,NULL
465236,18/03/2016 14:19:23,STOP,Lewisham,51.465817,-0.014061,0,0,0,0,1,0,0,0,1,1,-0.05,NULL
465236,18/03/2016 14:20:00,START,Lewisham,51.465818,-0.014096,1,1,0,0,0,0,1,0,0,1,0.36,NULL
465236,18/03/2016 14:31:15,STOP,Waterloo East,51.504084,-0.10943,0,0,0,0,1,0,0,0,1,1,-0.02,NULL
465236,18/03/2016 14:32:05,START,Waterloo East,51.504083,-0.109464,1,1,0,0,0,0,1,0,0,1,0.34,NULL
465236,18/03/2016 14:35:03,STOP,Charing Cross,51.507354,-0.122538,0,0,0,0,1,0,0,1,1,1,-0.02,NULL
465236,18/03/2016 14:47:03,START,Charing Cross,51.507354,-0.122538,1,1,0,0,0,0,1,0,0,0,0.7,NULL
465236,18/03/2016 14:49:38,STOP,Waterloo East,51.504106,-0.109684,0,0,0,0,0,1,0,0,1,0,-0.05,NULL
465236,18/03/2016 14:50:47,START,Waterloo East,51.504076,-0.109618,1,1,1,1,0,0,1,0,0,0,1.4,NULL
465236,18/03/2016 15:02:35,STOP,Ladywell,51.456521,-0.018827,0,0,0,0,0,1,0,0,1,0,-0.02,NULL
465236,18/03/2016 15:03:55,START,Ladywell,51.456472,-0.018879,1,1,0,0,0,0,1,0,0,0,0.31,NULL
465236,18/03/2016 15:05:38,STOP,Catford / Catford Bridge,51.446036,-0.024553,0,0,0,0,0,1,0,0,1,0,-0.02,NULL
465236,18/03/2016 15:06:30,START,Catford / Catford Bridge,51.445999,-0.024525,1,1,1,1,0,0,1,0,0,0,0.68,NULL
465236,18/03/2016 15:08:55,STOP,Lower Sydenham,51.425848,-0.032975,0,0,0,0,0,1,0,0,1,0,-0.02,NULL
465236,18/03/2016 15:09:22,START,Lower Sydenham,51.425812,-0.032972,1,1,0,0,0,0,1,0,0,0,0.68,NULL
465236,18/03/2016 15:10:44,STOP,New Beckenham,51.417786,-0.034877,0,0,0,0,0,1,0,0,1,0,0.0,NULL
465236,18/03/2016 15:11:14,START,New Beckenham,51.417765,-0.034873,1,1,0,0,0,0,1,0,0,0,0.73,NULL
465236,18/03/2016 15:13:01,STOP,Clock House,51.40877,-0.040181,0,0,0,0,0,1,0,0,1,0,-0.02,NULL
465236,18/03/2016 15:13:36,START,Clock House,51.408715,-0.040348,1,1,1,0,0,0,1,0,0,0,0.68,NULL
465236,18/03/2016 15:15:42,STOP,Elmers End,51.398687,-0.048922,0,0,0,0,0,1,0,0,1,0,-0.05,NULL
465236,18/03/2016 15:16:34,START,Elmers End,51.398676,-0.049001,1,1,1,0,0,0,1,0,0,0,0.7,NULL
465236,18/03/2016 15:19:49,STOP,Eden Park,51.391078,-0.027719,0,0,0,0,0,1,0,0,1,0,0.02,NULL
465236,18/03/2016 15:20:16,START,Eden Park,51.391085,-0.027666,1,1,0,0,0,0,1,0,0,0,0.1,NULL
465236,18/03/2016 15:22:07,STOP,West Wickham,51.382153,-0.015834,0,0,0,0,0,0,0,0,1,0,0.0,NULL
465236,18/03/2016 15:22:35,START,West Wickham,51.382144,-0.015808,1,1,0,0,0,0,1,0,0,0,1.04,NULL
465236,18/03/2016 15:25:53,STOP,Hayes,51.376794,0.007908,0,0,0,0,0,1,0,0,1,0,0.0,NULL
465236,18/03/2016 15:38:22,START,Hayes,51.376799,0.007987,1,1,0,0,0,0,1,0,0,1,0.73,NULL
465236,18/03/2016 15:40:54,STOP,West Wickham,51.381639,-0.014967,0,0,0,0,1,0,0,0,1,1,-0.05,NULL
465236,18/03/2016 15:41:19,START,West Wickham,51.381669,-0.015004,1,1,0,0,0,0,1,0,0,1,0.02,NULL
465236,18/03/2016 15:43:09,STOP,Eden Park,51.390623,-0.027,0,0,0,0,1,0,0,0,1,1,-0.02,NULL
465236,18/03/2016 15:43:41,START,Eden Park,51.39063,-0.027074,1,1,0,0,0,0,1,0,0,1,0.39,NULL
465236,18/03/2016 15:46:55,STOP,Elmers End,51.398506,-0.049188,0,0,0,0,1,0,0,0,1,1,-0.02,NULL
465236,18/03/2016 15:47:32,START,Elmers End,51.398553,-0.049182,1,1,0,0,0,0,1,0,0,1,0.02,NULL
465236,18/03/2016 15:49:22,STOP,Clock House,51.408544,-0.040539,0,0,0,0,1,0,0,0,1,1,-0.02,NULL
465236,18/03/2016 15:50:01,START,Clock House,51.408544,-0.040517,1,1,1,1,0,0,1,0,0,1,0.36,NULL
465236,18/03/2016 15:51:45,STOP,New Beckenham,51.417768,-0.034986,0,0,0,0,1,0,0,0,1,1,-0.02,NULL
465236,18/03/2016 15:52:07,START,New Beckenham,51.417798,-0.034964,1,1,0,0,0,0,1,0,0,1,0.02,NULL
465236,18/03/2016 15:53:28,STOP,Lower Sydenham,51.425366,-0.033159,0,0,0,0,1,0,0,0,1,1,0.02,NULL
465236,18/03/2016 15:53:53,START,Lower Sydenham,51.425418,-0.033196,1,1,0,0,0,0,1,0,0,1,0.02,NULL
465236,18/03/2016 15:56:24,STOP,Catford / Catford Bridge,51.445905,-0.024609,0,0,0,0,1,0,0,0,1,1,0.02,NULL
465236,18/03/2016 15:56:56,START,Catford / Catford Bridge,51.445944,-0.024646,1,1,0,0,0,0,1,0,0,1,0.36,NULL
465236,18/03/2016 15:58:43,STOP,Ladywell,51.456326,-0.019012,0,0,0,0,1,0,0,0,1,1,0.02,NULL
465236,18/03/2016 15:59:10,START,Ladywell,51.456373,-0.019001,1,1,0,0,0,0,1,0,0,1,0.02,NULL
465236,18/03/2016 16:12:46,STOP,Waterloo East,51.503896,-0.109795,0,0,0,0,1,0,0,0,1,1,0.0,NULL
465236,18/03/2016 16:13:17,START,Waterloo East,51.503853,-0.109807,1,1,0,0,0,0,1,0,0,1,0.99,NULL
465236,18/03/2016 16:17:51,STOP,Charing Cross,51.506643,-0.122409,0,0,0,0,1,0,0,1,1,1,0.07,NULL
465236,18/03/2016 16:30:06,START,Charing Cross,51.506643,-0.122409,1,1,0,0,0,0,1,0,0,0,0.36,NULL
465236,18/03/2016 16:32:39,STOP,Waterloo East,51.503928,-0.109673,0,0,0,0,0,1,0,0,1,0,0.0,NULL
465236,18/03/2016 16:33:47,START,Waterloo East,51.503837,-0.10967,1,1,0,0,0,0,1,0,0,0,1.06,NULL
465236,18/03/2016 16:47:36,STOP,Hither Green,51.452009,-0.001096,0,0,0,0,0,1,0,1,1,0,-0.07,NULL
465236,18/03/2016 16:50:22,START,Hither Green,51.451963,-0.001084,1,1,0,0,0,0,1,0,0,0,0.02,NULL
465236,18/03/2016 16:53:42,STOP,Grove Park,51.430849,0.022178,0,0,0,0,1,0,0,0,1,0,0.02,NULL
465236,18/03/2016 16:55:06,START,Grove Park,51.430822,0.022196,1,1,0,0,0,0,1,0,0,0,0.7,NULL
465236,18/03/2016 16:57:28,STOP,Elmstead Woods,51.417409,0.043723,0,0,0,0,0,0,0,0,1,0,-0.02,NULL
465236,18/03/2016 16:58:08,START,Elmstead Woods,51.417406,0.043733,1,1,0,0,0,0,1,0,0,0,0.73,NULL
465236,18/03/2016 17:00:29,STOP,Chislehurst,51.406033,0.056802,0,0,0,0,0,1,0,0,1,0,-0.05,NULL
465236,18/03/2016 17:01:05,START,Chislehurst,51.406037,0.056838,1,1,0,0,0,0,1,0,0,0,0.75,NULL
465236,18/03/2016 17:04:36,STOP,Petts Wood,51.388805,0.074438,0,0,0,0,1,0,0,1,1,0,-0.02,NULL
465236,18/03/2016 17:05:15,START,Petts Wood,51.388784,0.07447,1,0,0,0,0,0,1,0,0,0,0.02,NULL
465236,18/03/2016 17:08:43,STOP,Orpington,51.374271,0.088329,0,0,0,0,0,1,0,1,1,0,-0.02,NULL
465236,18/03/2016 17:10:06,START,Orpington,51.374205,0.088366,1,1,1,0,0,0,1,0,0,0,0.65,NULL
465236,18/03/2016 17:12:45,STOP,Chelsfield,51.357141,0.107524,0,0,0,0,0,1,0,1,0,0,-0.02,NULL
465236,18/03/2016 17:13:16,START,Chelsfield,51.357092,0.107569,1,1,0,0,0,0,1,0,0,0,0.68,NULL
465236,18/03/2016 17:15:36,STOP,Knockholt,51.346029,0.129312,0,0,0,0,0,1,0,1,0,0,-0.15,NULL
465236,18/03/2016 17:16:07,START,Knockholt,51.346035,0.129384,1,1,0,0,0,0,1,0,0,0,0.8,NULL
465236,18/03/2016 17:20:44,STOP,Dunton Green,51.297611,0.171538,0,0,0,0,0,0,0,1,0,0,-0.05,NULL
465236,18/03/2016 17:21:16,START,Dunton Green,51.297585,0.171548,1,1,0,0,0,0,1,0,0,0,0.31,NULL
465236,18/03/2016 17:24:35,STOP,Sevenoaks,51.277179,0.181481,0,0,0,0,1,0,0,1,1,0,0.0,NULL
465236,18/03/2016 17:34:59,START,Sevenoaks,51.277159,0.181496,1,1,0,0,0,0,1,0,0,1,0.34,NULL
465236,18/03/2016 17:37:53,STOP,Dunton Green,51.297,0.171394,0,0,0,0,1,0,0,1,0,1,-0.02,NULL
465236,18/03/2016 17:38:19,START,Dunton Green,51.297016,0.171443,1,1,0,0,0,0,1,0,0,1,0.34,NULL
465236,18/03/2016 17:43:13,STOP,Knockholt,51.346234,0.128269,0,0,0,0,1,0,0,1,0,1,0.0,NULL
465236,18/03/2016 17:43:39,START,Knockholt,51.34624,0.128226,1,1,0,0,0,0,1,0,0,1,0.82,NULL
465236,18/03/2016 17:45:54,STOP,Chelsfield,51.357073,0.10756,0,0,0,0,1,0,0,1,0,1,-0.02,NULL
465236,18/03/2016 17:46:25,START,Chelsfield,51.357097,0.107515,1,1,0,0,0,0,1,0,0,1,1.06,NULL
465236,18/03/2016 17:48:50,STOP,Orpington,51.374269,0.088047,0,0,0,0,1,0,0,1,0,1,-0.02,NULL
465236,18/03/2016 17:50:03,START,Orpington,51.374312,0.088014,1,1,1,0,0,0,1,0,0,1,1.4,NULL
465236,18/03/2016 17:52:58,STOP,Petts Wood,51.388626,0.074437,0,0,0,0,0,1,0,1,1,1,-0.02,NULL
465236,18/03/2016 17:54:04,START,Petts Wood,51.388675,0.074315,1,1,0,0,0,0,1,0,0,1,0.02,NULL
465236,18/03/2016 17:56:33,STOP,Chislehurst,51.40609,0.056685,0,0,0,0,1,0,0,1,0,1,0.02,NULL
465236,18/03/2016 17:57:02,START,Chislehurst,51.406091,0.056656,1,1,0,0,0,0,1,0,0,1,0.65,NULL
465236,18/03/2016 17:58:59,STOP,Elmstead Woods,51.417642,0.043544,0,0,0,0,1,0,0,1,0,1,0.0,NULL
465236,18/03/2016 17:59:25,START,Elmstead Woods,51.417647,0.043501,1,1,1,0,0,0,1,0,0,1,0.36,NULL
465236,18/03/2016 18:01:50,STOP,Grove Park,51.430711,0.022151,0,0,0,0,0,1,0,1,1,1,-0.1,NULL
465236,18/03/2016 18:03:01,START,Grove Park,51.430699,0.022071,1,1,0,0,0,0,1,0,0,1,0.7,NULL
465236,18/03/2016 18:06:49,STOP,Hither Green,51.45192,-0.001021,0,0,0,0,1,0,0,1,0,1,-0.02,NULL
465236,18/03/2016 18:07:34,START,Hither Green,51.451942,-0.00106,1,1,0,0,0,0,1,0,0,1,0.05,NULL
465236,18/03/2016 18:22:43,STOP,Waterloo East,51.503913,-0.109788,0,0,0,0,1,0,0,1,0,1,-0.1,NULL
465236,18/03/2016 18:23:22,START,Waterloo East,51.503902,-0.109859,1,1,0,0,0,0,1,0,0,1,0.36,NULL
465236,18/03/2016 18:26:57,STOP,Charing Cross,51.50725,-0.122884,0,0,0,0,1,0,0,1,0,1,0.0,NULL
465236,18/03/2016 18:37:03,START,Charing Cross,51.50725,-0.122884,1,1,0,0,0,0,1,0,0,0,0.73,NULL
465236,18/03/2016 18:40:17,STOP,Waterloo East,51.504004,-0.10974,0,0,0,0,0,0,0,1,0,0,-0.05,NULL
465236,18/03/2016 18:41:11,START,Waterloo East,51.503932,-0.109632,1,1,1,0,0,0,1,0,0,0,0.7,NULL
465236,18/03/2016 18:55:56,STOP,Hither Green,51.452141,-8.51E-4,0,0,0,0,0,1,0,1,0,0,-0.05,NULL
465236,18/03/2016 18:56:37,START,Hither Green,51.45211,-8.53E-4,1,1,1,0,0,0,1,0,0,0,0.73,NULL
465236,18/03/2016 18:58:06,STOP,Lee,51.449898,0.013001,0,0,0,0,0,1,0,1,0,0,-0.02,NULL
465236,18/03/2016 18:58:51,START,Lee,51.449876,0.013037,1,1,1,0,0,0,1,0,0,0,1.06,NULL
465236,18/03/2016 19:01:38,STOP,Mottingham,51.4404,0.048792,0,0,0,0,0,1,0,1,0,0,0.02,NULL
465236,18/03/2016 19:02:14,START,Mottingham,51.44048,0.048909,1,1,1,0,0,0,1,0,0,0,0.02,NULL
465236,18/03/2016 19:04:15,STOP,New Eltham,51.438137,0.069215,0,0,0,0,0,1,0,1,0,0,-0.02,NULL
465236,18/03/2016 19:05:03,START,New Eltham,51.438096,0.069295,1,1,0,0,0,0,1,0,0,0,0.02,NULL
465236,18/03/2016 19:07:39,STOP,Sidcup,51.433884,0.103516,0,0,0,0,0,1,0,1,0,0,-0.05,NULL
465236,18/03/2016 19:08:20,START,Sidcup,51.4339,0.103608,1,1,1,0,0,0,1,0,0,0,0.73,NULL
465236,18/03/2016 19:10:11,STOP,Albany Park,51.435125,0.124227,0,0,0,0,0,1,0,1,0,0,-0.05,NULL
465236,18/03/2016 19:10:48,START,Albany Park,51.435199,0.124339,1,1,1,0,0,0,1,0,0,0,0.7,NULL
465236,18/03/2016 19:12:50,STOP,Bexley,51.439822,0.146187,0,0,0,0,0,0,0,1,0,0,-0.05,NULL
465236,18/03/2016 19:13:18,START,Bexley,51.439833,0.146239,1,1,0,0,0,0,1,0,0,0,0.02,NULL
465236,18/03/2016 19:15:47,STOP,Crayford,51.448006,0.177526,0,0,0,0,0,1,0,1,0,0,-0.02,NULL
465236,18/03/2016 19:16:27,START,Crayford,51.448023,0.177555,1,1,0,0,0,0,1,0,0,0,0.02,NULL
465236,18/03/2016 19:21:10,STOP,Dartford,51.447986,0.218041,0,0,0,0,1,0,0,1,1,0,-0.02,NULL
465236,18/03/2016 19:22:19,START,Dartford,51.447952,0.218119,1,1,1,0,0,0,1,0,0,0,0.7,NULL
465236,18/03/2016 19:26:07,STOP,Stone Crossing,51.451436,0.261398,0,0,0,0,0,0,0,0,1,0,-0.02,NULL
465236,18/03/2016 19:26:30,START,Stone Crossing,51.451441,0.261445,1,1,1,0,0,0,1,0,0,0,0.02,NULL
465236,18/03/2016 19:28:17,STOP,Greenhithe,51.450608,0.279342,0,0,0,0,0,1,0,0,1,0,0.05,NULL
465236,18/03/2016 19:28:59,START,Greenhithe,51.45052,0.279308,1,1,1,0,0,0,1,0,0,0,0.02,NULL
465236,18/03/2016 19:31:51,STOP,Swanscombe,51.448961,0.310211,0,0,0,0,0,1,0,0,1,0,0.05,NULL
465236,18/03/2016 19:32:13,START,Swanscombe,51.449022,0.31025,1,1,1,0,0,0,1,0,0,0,1.43,NULL
465236,18/03/2016 19:33:45,STOP,Northfleet,51.446034,0.323822,0,0,0,0,0,1,0,0,1,0,-0.02,NULL
465236,18/03/2016 19:34:09,START,Northfleet,51.446037,0.323846,1,1,1,0,0,0,1,0,0,0,0.39,NULL
465236,18/03/2016 19:37:58,STOP,Gravesend,51.4413,0.366027,0,0,0,0,0,1,0,0,1,0,0.0,NULL
465236,18/03/2016 19:38:36,START,Gravesend,51.441385,0.366095,1,1,1,0,0,0,1,0,0,0,0.31,NULL
465236,18/03/2016 19:44:17,STOP,Higham,51.427765,0.464942,0,0,0,0,0,1,0,1,0,0,-0.05,NULL
465236,18/03/2016 19:44:40,START,Higham,51.427726,0.465031,1,1,1,0,0,0,1,0,0,0,1.06,NULL
465236,18/03/2016 19:49:04,STOP,Strood,51.397508,0.501373,0,0,0,0,0,1,0,1,1,0,-0.05,NULL
465236,18/03/2016 19:52:23,START,Strood,51.397473,0.501387,1,1,1,0,0,0,1,0,0,0,0.02,NULL
465236,18/03/2016 20:09:57,STOP,Maidstone West,51.270988,0.51568,0,0,0,0,0,0,0,1,1,0,-0.02,NULL
465236,18/03/2016 20:14:40,START,Maidstone West,51.271011,0.515776,1,1,1,0,0,0,1,0,0,1,0.02,NULL
465236,18/03/2016 21:17:00,STOP,Slade Green Depot,51.464736,0.193506,0,0,0,0,0,0,1,1,1,1,-0.1,NULL
465236,18/03/2016 21:40:12,START,Slade Green Depot,51.465003,0.193209,1,1,0,0,0,0,1,0,0,1,0.36,NULL
465236,18/03/2016 21:54:02,STOP,Plumstead,51.489835,0.083005,0,0,0,0,0,0,0,1,1,0,0.0,NULL
465236,18/03/2016 22:00:00,START,Plumstead,51.489713,0.082922,1,1,0,0,0,0,1,0,0,0,0.73,NULL
